CCODE,CNAME,VENDOR_NO,WORK_ORDER,WO_FROM_DATE,WO_TO_DATE,CVALUE,DURATION,CDURATION,EIC_PRNO,EIC,JOB_DESC,DEPARTMENT,EMPLOYEE_COUNT,CLRA,ISMW,WORKMEN_TOT,EXCESS_CLRA_COUNT,EXCESS_CLRA_CONT_COUNT,STATUS
CT0489,IOCL-SAKTHI MURUGAN TRANSPORTS,,141452,2021-03-31,,NULL,146,NULL,IOCL1,Ms. CHITRA BALAKRISHNAN,OTHERS,OTHERS,NULL,NULL,NULL,NULL,NULL,NULL,1
CT0354,IOCL-SRI DURGAI AMMAN TRANSPORTS,,142034,2021-02-24,,NULL,55,NULL,IOCL1,Ms. CHITRA BALAKRISHNAN,OTHERS,OTHERS,NULL,NULL,NULL,NULL,NULL,NULL,1
CT0471,IOCL-SRI GANAPATHY TRANSPORTS,,143733,2021-02-17,,NULL,48,NULL,IOCL1,Ms. CHITRA BALAKRISHNAN,OTHERS,OTHERS,NULL,100,NULL,NULL,NULL,NULL,1
CT0486,IOCL-SRI VIGNESWAR TRANSPORTS,,157319,2021-02-11,2021-05-01,NULL,42,NULL,IOCL1,Ms. CHITRA BALAKRISHNAN,OTHERS,OTHERS,NULL,100,NULL,NULL,NULL,NULL,1
CT0509,IOCL-SREE RAM TRANSPORTS,,157362,2021-03-31,,NULL,90,NULL,12345,Mr. BALAKRISHNAN L,OTHERS,OTHERS,NULL,19,5,NULL,NULL,NULL,1
CT0567,IOCL-G.M.S TRANSPORT,,157539,2020-12-31,,NULL,184,NULL,IOCL1,Ms. CHITRA BALAKRISHNAN,OTHERS,OTHERS,NULL,NULL,NULL,NULL,NULL,NULL,1
CT0479,IOCL-SRI ELLAIYAMMAN TRANSPORT,,157859,2021-06-30,,NULL,181,NULL,IOCL1,Ms. CHITRA BALAKRISHNAN,OTHERS,OTHERS,NULL,100,NULL,NULL,NULL,NULL,1
CT0514,IOCL-CMR TRANSPORT CONTRACTORS COMPANY PVT LTD,,158532,2021-05-01,,NULL,31,NULL,IOCL1,Ms. CHITRA BALAKRISHNAN,OTHERS,OTHERS,NULL,NULL,NULL,NULL,NULL,NULL,1
CT0499,IOCL-DHIVYA TRANSPORT,,159206,2021-04-30,,NULL,120,NULL,IOCL1,Ms. CHITRA BALAKRISHNAN,OTHERS,OTHERS,NULL,NULL,NULL,NULL,NULL,NULL,1
CT0547,IOCL-PARVATHAM TRANSPORT,,159218,2021-03-31,,NULL,90,NULL,IOCL1,Ms. CHITRA BALAKRISHNAN,OTHERS,OTHERS,NULL,100,100,NULL,NULL,NULL,1
CT0448,IOCL-LAKSHMI TRANSPORT,,161319,2020-12-31,,NULL,178,NULL,IOCL1,Ms. CHITRA BALAKRISHNAN,OTHERS,OTHERS,NULL,NULL,NULL,NULL,NULL,NULL,1
CT0480,IOCL-SREE MEENAKSHI TRANSPORT,,185150,2021-03-23,,NULL,82,NULL,IOCL1,Ms. CHITRA BALAKRISHNAN,OTHERS,OTHERS,NULL,100,5,NULL,NULL,NULL,1
CT0361,IOCL-PARAMESHWARI TRANSPORTS,,189271,2021-03-18,,NULL,77,NULL,IOCL1,Ms. CHITRA BALAKRISHNAN,OTHERS,OTHERS,NULL,100,5,NULL,NULL,NULL,1
CT0482,IOCL-MUTHU TRANSPORT,,189939,2021-02-28,,NULL,59,NULL,IOCL1,Ms. CHITRA BALAKRISHNAN,OTHERS,OTHERS,NULL,100,NULL,NULL,NULL,NULL,1
CT0501,IOCL-SAI RAM LOGISTICS,,201019,2021-03-31,,NULL,90,NULL,IOCL1,Ms. CHITRA BALAKRISHNAN,OTHERS,OTHERS,NULL,NULL,NULL,NULL,NULL,NULL,1
CT0481,IOCL-K SNEHA TRANSPORT,,202854,2021-02-20,,NULL,12,NULL,IOCL1,Ms. CHITRA BALAKRISHNAN,OTHERS,OTHERS,NULL,100,NULL,NULL,NULL,NULL,1
CT0459,IOCL-SRI DHANALAKSHMI TRANSPORT,,218604,2020-12-31,,NULL,175,NULL,IOCL1,Ms. CHITRA BALAKRISHNAN,OTHERS,OTHERS,NULL,100,NULL,NULL,NULL,NULL,1
CT0849,MKTG-SAFE TRANS,,228200,2020-12-31,,NULL,104,NULL,2855,Mr. KUMAR R,OTHERS,OTHERS,NULL,14,5,NULL,NULL,NULL,1
CT0384,ADMIN-TV LORRY SERVICE,,228211,2021-03-31,,NULL,197,NULL,2813,Mr. KALAIVANAN M,OTHERS,OTHERS,NULL,NULL,NULL,NULL,NULL,NULL,1
CT0724,MKTG-MRS ROADWAYS,,228240,2020-12-31,,NULL,112,NULL,2855,Mr. KUMAR R,OTHERS,OTHERS,NULL,14,5,NULL,NULL,NULL,1
CT0554,MKTG-GAJENDRA TRANSPORT,,228345,2021-02-04,,NULL,35,NULL,2855,Mr. KUMAR R,OTHERS,OTHERS,NULL,NULL,NULL,NULL,NULL,NULL,1
CT0442,MKTG-TAMIL NADU PERTOPRODUCTS LIMITED,,228353,2021-01-24,,NULL,24,NULL,2855,Mr. KUMAR R,OTHERS,OTHERS,NULL,NULL,NULL,NULL,NULL,NULL,1
CT0399,MKTG-KOTHARI PETROCHEMICALS LIMITED,,228355,2021-02-25,,NULL,92,NULL,2855,Mr. KUMAR R,OTHERS,OTHERS,NULL,NULL,NULL,NULL,NULL,NULL,1
CT0144,MKTG-CETEX PETRO CHEMICALS LTD,,228356,2021-05-06,,NULL,126,NULL,2813,Mr. KALAIVANAN M,OTHERS,OTHERS,NULL,200,NULL,NULL,NULL,NULL,1
CT0537,MKTG-MANALI PETROCHEMICALS LIMITED,,228357,2021-01-28,,NULL,28,NULL,2813,Mr. KALAIVANAN M,OTHERS,OTHERS,NULL,NULL,NULL,NULL,NULL,NULL,1
CT0594,MKTG-VINAYAK CHEMICALS,,228360,2021-03-09,,NULL,91,NULL,2855,Mr. KUMAR R,OTHERS,OTHERS,NULL,19,NULL,NULL,NULL,NULL,1
CT0456,MKTG-SHIVA ENTERPRICES,,228367,2021-01-11,,NULL,11,NULL,2855,Mr. KUMAR R,OTHERS,OTHERS,NULL,NULL,NULL,NULL,NULL,NULL,1
CT1087,MKTG-RAJ BULK CARRIER,,228590,2021-01-20,,NULL,89,NULL,3187,SUBRAMANI S,GENERAL,GENERAL,NULL,19,5,NULL,NULL,NULL,1
CT0356,IOCL-A FAZAL RAHMAN,,230926,2021-02-26,,NULL,57,NULL,IOCL1,Ms. CHITRA BALAKRISHNAN,OTHERS,OTHERS,NULL,NULL,NULL,NULL,NULL,NULL,1
CT0483,IOCL-SHRI RUCKMANII TRANSPORT,,233417,2021-03-31,,NULL,90,NULL,IOCL1,Ms. CHITRA BALAKRISHNAN,OTHERS,OTHERS,NULL,NULL,NULL,NULL,NULL,NULL,1
CT0498,IOCL-S N TRANSPORT,,245750,2021-06-19,,NULL,170,NULL,IOCL1,Ms. CHITRA BALAKRISHNAN,OTHERS,OTHERS,NULL,NULL,NULL,NULL,NULL,NULL,1
CT0484,IOCL-G SENTHILKUMAR BITUMEN TRANSPORT CONTRACTOR,,247212,2021-01-16,,NULL,16,NULL,IOCL1,Ms. CHITRA BALAKRISHNAN,OTHERS,OTHERS,NULL,10,NULL,NULL,NULL,NULL,1
CT0500,IOCL-SRI BALAJI TRANSPORTS,,250742,2021-06-30,,NULL,228,NULL,IOCL1,Ms. CHITRA BALAKRISHNAN,OTHERS,OTHERS,NULL,100,NULL,NULL,NULL,NULL,1
CT0472,IOCL-MANO PACKIA TRANSPORTS,,254426,2021-06-30,,NULL,181,NULL,IOCL1,Ms. CHITRA BALAKRISHNAN,OTHERS,OTHERS,NULL,100,NULL,NULL,NULL,NULL,1
CT0507,IOCL-SRI BHAKYALAKSHMI TRANSPORT,,268086,2021-01-01,,NULL,42,NULL,IOCL1,Ms. CHITRA BALAKRISHNAN,OTHERS,OTHERS,NULL,100,NULL,NULL,NULL,NULL,1
CT0549,MKTG-INDIAN ADDITIVES LTD,,273361,2021-01-31,,NULL,31,NULL,2813,Mr. KALAIVANAN M,OTHERS,OTHERS,NULL,NULL,NULL,NULL,NULL,NULL,1
CT0544,IOCL-JAGATHESH TRANSPORT,,285076,2020-12-31,,NULL,157,NULL,IOCL1,Ms. CHITRA BALAKRISHNAN,OTHERS,OTHERS,NULL,100,NULL,NULL,NULL,NULL,1
CT0490,IOCL-PRIYA TRANSPORTS,,286750,2021-03-31,,NULL,90,NULL,IOCL1,Ms. CHITRA BALAKRISHNAN,OTHERS,OTHERS,NULL,NULL,NULL,NULL,NULL,NULL,1
CT0809,IOCL-A.KISHOREBABU & SONS,,309100,2020-12-31,,NULL,156,NULL,IOCL1,Ms. CHITRA BALAKRISHNAN,OTHERS,OTHERS,NULL,50,50,NULL,NULL,NULL,1
CT0971,MKTG-SRI SIVASAKTHI ROAD LINES,,310125,2021-06-03,,NULL,109,NULL,2813,Mr. KALAIVANAN M,OTHERS,OTHERS,NULL,5,NULL,NULL,NULL,NULL,1
CT0961,IOCL-V.PARTHIBAN TRANSPORTS,,310255,2020-12-31,,NULL,176,NULL,IOCL1,Ms. CHITRA BALAKRISHNAN,OTHERS,OTHERS,NULL,14,5,NULL,NULL,NULL,1
CT1149,NEUBERG EHRLICH LABORATORY PVT LTD,13245884,2667410,2020-11-16,2023-11-16,12666108,undefined,36,,MURUGAVEL B,MHC BLOOD TEST FOR OHS,OHS,NULL,15,4,19,NULL,NULL,1
CT0511,ADMIN-S.RAMU BINDING,,10273927,2021-01-23,,NULL,23,NULL,2723,Mr. RAGHUNATHAN M S,OTHERS,OTHERS,NULL,NULL,NULL,NULL,NULL,NULL,1
CT0512,ADMIN-M SATHISHKUMAR LETTER PAINTER,,11940486,2021-01-23,,NULL,23,NULL,2723,Mr. RAGHUNATHAN M S,OTHERS,OTHERS,NULL,NULL,NULL,NULL,NULL,NULL,1
CT0591,IOCL-YOGINI ENTERPRISES,,12017176,2020-12-24,,NULL,88,NULL,IOCL1,Ms. CHITRA BALAKRISHNAN,OTHERS,OTHERS,NULL,NULL,NULL,NULL,NULL,NULL,1
CT0591,IOCL-YOGINI ENTERPRISES,,12017382,2021-03-03,,NULL,62,NULL,IOCL1,Ms. CHITRA BALAKRISHNAN,OTHERS,OTHERS,NULL,NULL,NULL,NULL,NULL,NULL,1
CT1120,IOCL-J L ENGINEERING SERVICES,,12021554,2021-05-15,,NULL,365,NULL,IOCL1,Ms. CHITRA BALAKRISHNAN,OTHERS,OTHERS,NULL,2,NULL,NULL,NULL,NULL,1
CT1107,IOCL-REDON INFRA POWER PRIVATE LIMITED,,12021649,2021-06-05,,NULL,365,NULL,IOCL1,Ms. CHITRA BALAKRISHNAN,OTHERS,OTHERS,NULL,19,NULL,NULL,NULL,NULL,1
CT0158,WORLEY INDIA PRIVATE LIMITED,,23176770,2020-05-11,2021-11-10,,undefined,18,,SURESH H,,PROJECT,NULL,15,4,19,NULL,NULL,1
CT0176,ARMSTRONG INTERNATIONAL PVT LTD,,24190282,2020-12-31,,NULL,60,NULL,3119,Mr. MANOVA JEEVADOS D,MAINTENANCE,MAINTENANCE,NULL,NULL,NULL,NULL,NULL,NULL,1
CT0640,ADMIN-RITES LTD (MINISTRY OF RLYS),,24665512,2020-12-31,,NULL,111,NULL,3069,Mr. KRISHNARAJ T,MAINTENANCE,MAINTENANCE,NULL,19,NULL,NULL,NULL,NULL,1
CT0410,ADMIN-AS MEDIA VISION,,24740563,2021-01-18,,NULL,89,NULL,2645,Mr. RAMESH K,OTHERS,OTHERS,NULL,NULL,NULL,NULL,NULL,NULL,1
CT0065,"ENVIRONNEMENT S.A INDIA PVT. LTD.,",,24895821,2021-10-10,,NULL,1358,NULL,3819,Mr. SENTHIL NATHAN N,MAINTENANCE,MAINTENANCE,NULL,14,5,NULL,NULL,NULL,1
CT0720,EIL-BONACE ENGINEERS PVT LTD.,,24901769,2021-01-31,2021-06-30,NULL,153,NULL,3237,Mr. ILANGO R,PROJECTS,PROJECTS,NULL,14,5,NULL,NULL,NULL,1
CT0485,HONEYWELL AUTOMATION INDIA LTD,,24956306,2021-03-29,,NULL,1826,NULL,3819,Mr. SENTHIL NATHAN N,MAINTENANCE,MAINTENANCE,NULL,19,5,NULL,NULL,NULL,1
CT0510,THERMO FISHER SCIENTIFIC,,25120303,2022-06-02,,NULL,965,NULL,3119,Mr. MANOVA JEEVADOS D,MAINTENANCE,MAINTENANCE,NULL,19,5,NULL,NULL,NULL,1
CT0956,HIQ POWER ASSOCIATES PVT. LTD.,,25143529,2021-03-31,,NULL,210,NULL,3029,Mr. POOVARAGHAVAN A,PROJECTS,PROJECTS,NULL,14,5,NULL,NULL,NULL,1
CT0774,ADMIN-SUN CABS,,25217410,2021-03-31,,NULL,90,NULL,2645,Mr. RAMESH K,OTHERS,OTHERS,NULL,14,5,NULL,NULL,NULL,1
CT0783,EPC CONSTRUCTIONS INDIA LIMITED,,25267508,2021-03-31,,NULL,212,NULL,3237,Mr. ILANGO R,PROJECTS,PROJECTS,NULL,14,5,NULL,NULL,NULL,1
CT0382,AARKAY ERECTORS PRIVATE LIMITED,,25337085,2018-01-03,2021-05-31,NULL,3.5,41,3069,KAMARAJ,MAINTENANCE,MAINT-OFFSITE/CIVIL,NULL,125,70,NULL,NULL,NULL,1
CT0051,PARAMOUNT LIMITED,10273198,25494813,2018-07-01,2025-09-30,,2648,,8031,8031,OPERATION,OPERATION,NULL,15,4,,NULL,NULL,1
CT0369,P C KANI CONTRACTOR,,25496052,2021-02-15,,NULL,88,NULL,2595,Mr. SRINIVASAN B,OPERATION,OPERATION,NULL,19,5,NULL,NULL,NULL,1
CT0844,SUMIT ENGINEERING WORKS,,25548328,2021-01-25,,NULL,184,NULL,2200,Mr. NARAYANAMOORTHI C,MAINTENANCE,MAINTENANCE,NULL,50,35,NULL,NULL,NULL,1
CT0182,D. SUDHAKAR ENTERPRISES,,25571440,2021-01-15,,NULL,169,NULL,3263,Mr. GOPI A,OPERATION,OPERATION,NULL,NULL,NULL,NULL,NULL,NULL,1
CT0185,DIVYA ENGINEERING WORKS,,25571894,2021-03-31,,NULL,176,NULL,2217,Mr. JUDE ANTHONY RAJ A,OPERATION,OPERATION,NULL,40,NULL,NULL,NULL,NULL,1
CT0200,AEMS ENGG. WORKS PVT. LTD.,,25574175,2021-02-17,,NULL,92,NULL,3069,Mr. KRISHNARAJ T,MAINTENANCE,MAINTENANCE,NULL,200,26,NULL,NULL,NULL,1
CT0185,DIVYA ENGINEERING WORKS,,25582631,2020-12-31,,NULL,92,NULL,2595,Mr. SRINIVASAN B,OPERATION,OPERATION,NULL,40,NULL,NULL,NULL,NULL,1
CT0623,BHEL-GE GAS TURBINE SERVICES PVT LTD,,25589514,2020-12-31,,NULL,27,NULL,3125,Mr. HARIDASS R,MAINTENANCE,MAINTENANCE,NULL,14,5,NULL,NULL,NULL,1
CT0049,DEEPAK ENTERPRISES,,25601680,2021-02-13,,NULL,184,NULL,2880,Mr. SRITHARAN A P,MAINTENANCE,MAINTENANCE,NULL,19,5,NULL,NULL,NULL,1
CT0430,S G S INDIA PVT LTD,,25611506,2020-12-31,,NULL,134,NULL,2587,Mr. VELAVAN S P,PROCESS ENGINEERING - TECHNICAL,PROCESS ENGINEERING - TECHNICAL,NULL,NULL,NULL,NULL,NULL,NULL,1
CT0031,RAJA ENGINEERING WORKS,,25617265,2021-02-15,,NULL,89,NULL,3034,Mr. KOTHANDARAMAN B,OPERATION,OPERATION,NULL,19,5,NULL,NULL,NULL,1
CT0677,SMR ENTERPRISES,,25638432,2020-12-31,,NULL,25,NULL,3069,Mr. KRISHNARAJ T,MAINTENANCE,MAINTENANCE,NULL,19,5,NULL,NULL,NULL,1
CT0516,YOKOGAWA INDIA LTD,,25639587,2021-03-28,,NULL,222,NULL,3819,Mr. SENTHIL NATHAN N,MAINTENANCE,MAINTENANCE,NULL,14,5,NULL,NULL,NULL,1
CT0887,WINTRACK AGENCIES,,25652772,2020-12-31,,NULL,62,NULL,3069,Mr. KRISHNARAJ T,MAINTENANCE,MAINTENANCE,NULL,26,5,NULL,NULL,NULL,1
CT0084,DHANALAKSHMI ELECTRICALS,,25657283,2020-12-31,,NULL,92,NULL,3105,Mr. BHASKAR R,MAINTENANCE,MAINTENANCE,NULL,19,5,NULL,NULL,NULL,1
CT0336,APARAJITHA CORPORATE SERVICES (P) LTD,,25657992,2020-12-20,,NULL,5,NULL,2645,Mr. RAMESH K,GENERAL,GENERAL,NULL,30,NULL,NULL,NULL,NULL,1
CT0938,CORROSION ENGINEERING SERVICES,,25678482,2020-12-31,,NULL,731,NULL,NULL,Mr. VELAVAN S P,GENERAL,GENERAL,NULL,19,5,NULL,NULL,NULL,1
CT0031,RAJA ENGINEERING WORKS,,25711807,2021-01-21,2021-06-30,NULL,102,5,2768,L SIVAKUMAR,MAINTENANCE,MAINT-(ETP-II/TTP),NULL,19,5,NULL,NULL,NULL,1
CT0932,SRI SAIKRISHNA BLASTING WORKS,,25716337,2020-12-17,,NULL,731,NULL,3125,Mr. HARIDASS R,MAINTENANCE,MAINTENANCE,NULL,70,70,NULL,NULL,NULL,1
CT0492,ARCOY INDUSTRIES I PVT LTD,,25717017,2021-04-12,2021-07-15,NULL,731,3,3125,C NARAYANAMOORTHY,MAINTENANCE,MAINT-ONSITE I,NULL,30,50,NULL,NULL,NULL,1
CT0388,BERGER PAINTS-VARDHAMAN,,25717188,2020-12-03,2021-07-31,NULL,74,8,3119,C NARAYANAMOORTHY,MAINTENANCE,MAINT-(ONSITE-I),NULL,19,19,NULL,NULL,NULL,1
CT0997,GE POWER INDIA LTD,,25717193,2021-05-31,,NULL,548,NULL,3125,Mr. HARIDASS R,MAINTENANCE,MAINTENANCE,NULL,14,5,NULL,NULL,NULL,1
CT0718,BRIDGE AND ROOF CO. (INDIA) LTD,,25726344,2021-01-31,,NULL,65,NULL,3069,Mr. KRISHNARAJ T,MAINTENANCE,MAINTENANCE,NULL,50,50,NULL,NULL,NULL,1
CT1012,IOCL-TUAMAN ENGINEERING LIMITED,,25741373,2021-04-26,2021-06-30,NULL,62,2,IOCL1,SHIVAM GOYAL,OTHERS,IOCL,NULL,500,160,NULL,NULL,NULL,1
CT0463,INTERTEK INDIA PVT LTD,,25751032,2021-12-16,,NULL,364,NULL,2768,Mr. THIRUMARAISELVAN S R,OPERATION,OPERATION,NULL,14,5,NULL,NULL,NULL,1
CT0044,PAHARPUR COOLING TOWERS,,25751842,2020-12-31,,NULL,69,NULL,3069,Mr. KRISHNARAJ T,MAINTENANCE,MAINTENANCE,NULL,25,25,NULL,NULL,NULL,1
CT0545,EXTRACO COMPOSITES INDIA PVT LTD,,25757678,2020-12-25,,NULL,87,NULL,3672,Mr. BALAJI M,MAINTENANCE,MAINTENANCE,NULL,19,5,NULL,NULL,NULL,1
CT0015,SRI VIGNESH ENTERPRISES,,25757708,2020-12-21,,NULL,306,NULL,3069,Mr. KRISHNARAJ T,MAINTENANCE,MAINTENANCE,NULL,14,5,NULL,NULL,NULL,1
CT0042,A J ASSOCIATES,,25757787,2020-12-31,,NULL,30,NULL,3132,Mr. KAMARAJ K,PROJECTS,PROJECTS,NULL,19,18,NULL,NULL,NULL,1
CT0156,GULF ENGINEERS & CONSTRUCTORS PVT. LTD.,10281565,25757855,2021-04-29,2021-05-31,NULL,130,1,3069,A CHANDRA MOHAN,MAINTENANCE,MAINT-OFFSITE,NULL,100,50,NULL,NULL,NULL,1
CT0660,STERLING AND WILSON PVT LIMITED,11992958,25763679,2020-12-01,2021-05-31,NULL,182,6,3105,B MURUGAVEL,MAINTENANCE,MAINT-ELECTRICALS,NULL,14,5,NULL,NULL,NULL,1
CT0996,ADMIN-SRINIVASA ENTERPRISES,,25764058,2021-12-31,,NULL,947,NULL,2645,Mr. RAMESH K,GENERAL,GENERAL,NULL,1,NULL,NULL,NULL,NULL,1
CT0485,HONEYWELL AUTOMATION INDIA LTD,,25764546,2020-12-27,,NULL,313,NULL,3152,Mr. ELANCHELIAN A,MAINTENANCE,MAINTENANCE,NULL,14,5,NULL,NULL,NULL,1
CT0713,ADMIN-ARUN TRAVELS,,25769064,2020-12-31,,NULL,140,NULL,2645,Mr. RAMESH K,GENERAL,GENERAL,NULL,19,5,NULL,NULL,NULL,1
CT0517,ADMIN-RIDE INN CAR RENTAL,,25769600,2020-12-31,,NULL,103,NULL,2645,Mr. RAMESH K,GENERAL,GENERAL,NULL,19,NULL,NULL,NULL,NULL,1
CT0654,CONTRACT RESOURCES PETROCHEM SERVICES (INDIA)PVT.LTD,,25770534,2021-01-02,,NULL,731,NULL,3119,Mr. MANOVA JEEVADOS D,MAINTENANCE,MAINTENANCE,NULL,5,16,NULL,NULL,NULL,1
CT0380,ADMIN-LAKSHMI TRAVELS,,25771417,2021-01-02,,NULL,731,NULL,2645,Mr. RAMESH K,GENERAL,GENERAL,NULL,1,NULL,NULL,NULL,NULL,1
CT1100,ADMIN-SUN LIGHT TRAVELS,,25771548,2021-02-15,,NULL,85,NULL,2645,Mr. RAMESH K,GENERAL,GENERAL,NULL,5,NULL,NULL,NULL,NULL,1
CT0150,S.L. ENGINEERING,,25771966,2021-01-20,,NULL,366,NULL,3069,Mr. KRISHNARAJ T,MAINTENANCE,MAINTENANCE,NULL,50,25,NULL,NULL,NULL,1
CT0529,RMS COOLING EQUIPERS,11922543,25777839,2020-12-01,2021-05-31,,,6,2271,K SELVAM,MAINTENANCE,MAINT-ELECTRICALS,NULL,15,4,,NULL,NULL,1
CT0718,BRIDGE AND ROOF CO. (INDIA) LTD,,25780151,2021-01-09,,NULL,284,NULL,3069,Mr. KRISHNARAJ T,MAINTENANCE,MAINTENANCE,NULL,100,100,NULL,NULL,NULL,1
CT0944,PAULRAJ ENGINEERING,,25782043,2021-01-17,,NULL,366,NULL,3069,Mr. KRISHNARAJ T,MAINTENANCE,MAINTENANCE,NULL,80,30,NULL,NULL,NULL,1
CT0149,TECHSOL ENGINEERING SERVICES INDIA (P) LTD,11922689,25790725,2021-04-01,2021-06-30,NULL,328,3,2238,K SELLADURAI,MAINTENANCE,MAINT-(ROTARY-II),NULL,NULL,NULL,NULL,NULL,NULL,1
CT0950,QUADSEL SYSTEMS PVT LTD,10273470,25795090,2021-02-01,2021-05-31,3399560,860,4,2704,G PREMCHAND,GENERAL,OTHERS-(LOG),NULL,14,4,,NULL,NULL,1
CT0948,HAMON COOLING SYSTEMS PVT.LTD.,,25798364,2021-03-25,2021-06-30,NULL,191,3,3069,T KRISHNARAJ,MAINTENANCE,MAINT-OFFSITE,NULL,250,300,NULL,NULL,NULL,1
CT0039,BUDHAGURU SEAL,,25802223,2021-01-27,,NULL,350,NULL,3119,Mr. MANOVA JEEVADOS D,MAINTENANCE,MAINTENANCE,NULL,19,5,NULL,NULL,NULL,1
CT1031,SURYAA CONSTRUCTION,,25803363,2021-02-28,,NULL,181,NULL,3069,Mr. KRISHNARAJ T,MAINTENANCE,MAINTENANCE,NULL,30,16,NULL,NULL,NULL,1
CT0050,LOGOS ENGINEERING PVT. LTD.,,25804149,2021-01-28,,NULL,351,NULL,2594,Mr. MATHIAZHAGAN P,MAINTENANCE,MAINTENANCE,NULL,19,5,NULL,NULL,NULL,1
CT0049,DEEPAK ENTERPRISES,,25807113,2021-01-30,,NULL,338,NULL,3069,Mr. KRISHNARAJ T,MAINTENANCE,MAINTENANCE,NULL,19,5,NULL,NULL,NULL,1
CT0029,SNEHAM ENTERPRISES,,25807153,2021-01-30,,NULL,312,NULL,3069,Mr. KRISHNARAJ T,MAINTENANCE,MAINTENANCE,NULL,14,5,NULL,NULL,NULL,1
CT0593,NETEL (INDIA) LIMITED,,25817192,2021-03-01,,NULL,365,NULL,3817,Mr. KISHOR BABU T,MAINTENANCE,MAINTENANCE,NULL,14,5,NULL,NULL,NULL,1
CT0149,TECHSOL ENGINEERING SERVICES INDIA (P) LTD,11922689,25826297,2021-03-01,2021-05-31,NULL,353,3,3125,C CHANDRA,MAINTENANCE,MAINT-ONSITE,NULL,50,5,NULL,NULL,NULL,1
CT0966,SYENRGY POWER PVT LTD,,25828022,2021-03-12,,NULL,365,NULL,3125,Mr. HARIDASS R,MAINTENANCE,MAINTENANCE,NULL,50,NULL,NULL,NULL,NULL,1
CT0197,V.MANI CIVIL CONTRACTOR,,25828639,2021-02-28,,NULL,171,NULL,3069,Mr. KRISHNARAJ T,MAINTENANCE,MAINTENANCE,NULL,19,10,NULL,NULL,NULL,1
CT0995,ELANGOVAN ELECTRICAL SERVICES,,25828651,2021-02-14,,NULL,264,NULL,2549,Mr. RAMESH BABU B,MAINTENANCE,MAINTENANCE,NULL,14,5,NULL,NULL,NULL,1
CT0436,G J INSULATION,,25842069,2021-02-27,,NULL,366,NULL,3069,Mr. KRISHNARAJ T,MAINTENANCE,MAINTENANCE,NULL,45,45,NULL,NULL,NULL,1
CT0964,INDIA INSULATION (P) LTD,,25844384,2021-02-26,,NULL,731,NULL,3069,Mr. KRISHNARAJ T,MAINTENANCE,MAINTENANCE,NULL,45,45,NULL,NULL,NULL,1
CT0027,BALAJI INSULATION,,25850738,2021-03-01,2021-06-30,NULL,365,4,3069,VIJAY KUMAR,MAINTENANCE,MAINT-(OFFSITE & CIVIL),NULL,14,5,NULL,NULL,NULL,1
CT0660,STERLING AND WILSON PVT LIMITED,,25851230,2021-03-03,,NULL,365,NULL,3125,Mr. HARIDASS R,MAINTENANCE,MAINTENANCE,NULL,70,NULL,NULL,NULL,NULL,1
CT0660,STERLING AND WILSON PVT LIMITED,,25852423,2021-03-04,,NULL,365,NULL,3125,Mr. HARIDASS R,MAINTENANCE,MAINTENANCE,NULL,70,5,NULL,NULL,NULL,1
CT0454,TRICKY FIRE CONTROLS,,25853127,2021-04-23,,NULL,731,NULL,2582,Mr. RANGARAJ P,MAINTENANCE,MAINTENANCE,NULL,19,5,NULL,NULL,NULL,1
CT0475,FITECH EQUIPMENTS I PVT LTD,10119514,25854884,2019-03-06,2022-03-04,32431617,3,36,3125,R HARIDASS,MAINTENANCE,MAINT-ONSITE,NULL,14,5,NULL,NULL,NULL,1
CT0454,TRICKY FIRE CONTROLS,,25867117,2021-03-14,,NULL,353,NULL,3819,Mr. SENTHIL NATHAN N,MAINTENANCE,MAINTENANCE,NULL,14,5,NULL,NULL,NULL,1
CT0972,A.J.ENGINEERING,13222363,25867189,2018-06-22,2021-09-27,,1193,,3125,3125,MAINTENANCE,MAINTENANCE,NULL,15,4,,NULL,NULL,1
CT0974,BEARDSELL LTD.,,25876087,2021-03-19,,NULL,357,NULL,3069,Mr. KRISHNARAJ T,MAINTENANCE,MAINTENANCE,NULL,50,50,NULL,NULL,NULL,1
CT0548,ELECTRO KLEEN SYSTEMS,,25879236,2021-04-22,,NULL,368,NULL,4234,Mr. PRAVEEN KUMAR M R,MAINTENANCE,MAINTENANCE,NULL,1,NULL,NULL,NULL,NULL,1
CT0149,TECHSOL ENGINEERING SERVICES INDIA (P) LTD,11922689,25912189,2021-04-10,2021-07-09,,823,4,3152,B MURUGAVEL,MAINTENANCE,MAINT-ONSITE,NULL,15,4,,NULL,NULL,1
CT0053,HYPERIONIT PVT. LTD.,,25912241,2021-04-18,,NULL,731,NULL,3125,Mr. HARIDASS R,MAINTENANCE,MAINTENANCE,NULL,100,20,NULL,NULL,NULL,1
CT0407,TEXCO,,25912827,2021-04-05,,NULL,365,NULL,3832,Mr. PARASHURAMKAR R J,LOGISTICS,LOGISTICS,NULL,14,5,NULL,NULL,NULL,1
CT0757,BABUJI CIVIL CONSTRUCTION,,25918534,2020-12-27,,NULL,27,NULL,3132,Mr. KAMARAJ K,PROJECTS,PROJECTS,NULL,NULL,NULL,NULL,NULL,NULL,1
CT0060,FRANKLIN IME TECHS PVT. LTD.,,25933465,2021-01-04,,NULL,120,NULL,3673,Mr. VIKAS CHOUKSE,PROJECTS,PROJECTS,NULL,14,5,NULL,NULL,NULL,1
CT0022,PREMKUMAR ENTERPRISES,11922497,25935580,2021-04-20,2021-08-28,NULL,365,4,2823,R MARIRAJAN,MAINTENANCE,MAINT-(GARAGE/TOOL ROOM),NULL,14,5,NULL,NULL,NULL,1
CT0916,IPRO COATING AND SERVICES,,25940865,2021-02-05,,NULL,176,NULL,3119,Mr. MANOVA JEEVADOS D,MAINTENANCE,MAINTENANCE,NULL,50,50,NULL,NULL,NULL,1
CT0987,A.GANESAN & CO.,25954429,25954429,2021-04-16,2021-07-31,NULL,731,3,2768,L SIVAKUMAR,MAINTENANCE,MAINT-(ETP-II/TTP),NULL,21,5,NULL,NULL,NULL,1
CT1143,PLANT-TECH INDUSTRIAL SERVICES LTD,,25989602,2021-01-02,,NULL,29,NULL,8051,Mr. PURUSHOTHAM,PROJECTS,PROJECTS,NULL,55,45,NULL,NULL,NULL,1
CT0182,D. SUDHAKAR ENTERPRISES,,25995902,2021-06-18,,NULL,731,NULL,4139,Mr. KAMARAJ S,MAINTENANCE,MAINTENANCE,NULL,14,5,NULL,NULL,NULL,1
CT0407,TEXCO,,26016252,2022-02-28,,NULL,1057,NULL,2645,Mr. RAMESH K,GENERAL,GENERAL,NULL,10,NULL,NULL,NULL,NULL,1
CT0921,J.S ENTERPRISES,13216365,26016604,2019-07-04,2021-07-02,877800,2,24,3932,RS SOLANKI,OPERATION,MAINT-(PROCESS ENG),NULL,19,5,NULL,NULL,NULL,1
CT0491,K S ENGINIRING WORKS,,26022365,2021-01-08,,NULL,176,NULL,2588,Mr. SWAMINATHAN I,MAINTENANCE,MAINTENANCE,NULL,19,5,NULL,NULL,NULL,1
CT0599,VISHNU CONSTRUCTION,,26032179,2021-01-23,,NULL,191,NULL,3133,Mr. ARUMUGAM N,PROJECTS,PROJECTS,NULL,19,5,NULL,NULL,NULL,1
CT0059,HDC POWER SYSTEMS PVT. LTD.,,26067223,2021-03-24,2021-06-25,NULL,61,3,3132,S SADAGOPAN,PROJECTS,PROJECTS,NULL,40,20,NULL,NULL,NULL,1
CT1037,SAKTHI KANNA CONSTRUCTIONS PVT. LTD.,,26067373,2020-12-27,,NULL,91,NULL,3132,Mr. KAMARAJ K,PROJECTS,PROJECTS,NULL,50,20,NULL,NULL,NULL,1
CT0346,VENDIGGE ENGINEERING PROJECTS PRIVATE LIMITED,11979705,26067423,2021-03-30,2021-05-31,NULL,91,2,3132,S SADAGOPAN,PROJECTS,PROJECTS,NULL,19,5,NULL,NULL,NULL,1
CT0059,HDC POWER SYSTEMS PVT. LTD.,10276240,26073790,2019-08-19,2021-06-28,NULL,1.8,18,3132,SADAGOPAN,PROJECTS,PROJECTS-III,NULL,40,20,NULL,NULL,NULL,1
CT1037,SAKTHI KANNA CONSTRUCTIONS PVT. LTD.,,26074399,2021-03-26,2021-06-30,NULL,100,3,3132,S SADAGOPAN,PROJECTS,PROJECTS,NULL,70,40,NULL,NULL,NULL,1
CT0629,J.DHAKSHANI ENTERPRISES,,26078434,2021-01-31,,NULL,116,NULL,4139,Mr. KAMARAJ S,MAINTENANCE,MAINTENANCE,NULL,19,5,NULL,NULL,NULL,1
CT0057,SRI SARVAMANGALA FABRICATION,,26078812,2020-08-28,2022-01-19,NULL,1.5,17,3132,K MURALI,PROJECTS,PROJECTS-MATERIALS,NULL,19,4,NULL,NULL,NULL,1
CT0383,VADUVUDAIAMMAN INDUSTRIES,,26080235,2020-12-08,,NULL,83,NULL,2594,Mr. MATHIAZHAGAN P,MAINTENANCE,MAINTENANCE,NULL,14,5,NULL,NULL,NULL,1
CT0878,LIZMONTAGEN INDIA PRIVATE LIMITED,13210151,26081723,2020-08-23,2021-08-15,,undefined,6,,MATHIAZHAGAN P,METERIAL SUPPLY,MAITENANCE,NULL,15,4,19,NULL,NULL,1
CT0660,STERLING AND WILSON PVT LIMITED,,26084047,2021-09-30,,NULL,732,NULL,3125,Mr. HARIDASS R,MAINTENANCE,MAINTENANCE,NULL,90,5,NULL,NULL,NULL,1
CT1062,LAKSHMI MEP INFRAH PVT LTD.,,26084228,2021-03-31,2021-06-30,NULL,89,3,3133,S GOPALAKRISHNAN,PROJECTS,PROJECTS-(ELECT),NULL,14,5,NULL,NULL,NULL,1
CT1174,EPCC-ESTEEM PROJECT PVT LTD,,26085865,2021-04-05,2021-07-31,,,4,,PURUSHOTHAM,,PROJECT-III(MECH),NULL,15,4,19,NULL,NULL,1
CT0439,ARROW ENGINEERING ENTERPRISES,10279353,26090180,2019-08-30,2021-08-28,35359966,2,24,3125,R HARIDASSMr. HARIDASS R,MAINTENANCE,MAINT-ONSITEMAINTENANCE,NULL,120,25,NULL,NULL,NULL,1
CT0575,BANU CONSTRUCTIONS,,26092873,2021-01-05,2021-07-08,NULL,190,6,3132,SADAGOPANMr. KAMARAJ K,PROJECTS,PROJECTS-IIIPROJECTS,NULL,300,300,NULL,NULL,NULL,1
CT0185,DIVYA ENGINEERING WORKS,11922201,26097210,2019-09-05,2021-09-03,44126289.8,2,24,3187,B SUBRAMANIMr. SUBRAMANI S,LOGISTICS,MAINT-(MATERIALS-CONTRACT)LOGISTICS,NULL,75,5,NULL,NULL,NULL,1
CT1035,ADHI VIGNESH ENGINEERING,,26099213,2020-12-31,,NULL,114,NULL,2594,Mr. MATHIAZHAGAN P,MAINTENANCE,MAINTENANCE,NULL,19,5,NULL,NULL,NULL,1
CT0990,DEVI FABRICATIONS AND ENGINEERING CONTRACTORS,,26109382,2021-05-05,2021-08-12,NULL,92,3,3116,ARUNA VIVEKANANDHAN AMr. ARUNA VIVEKANANDAN A,PROJECTS,PROJECTS-IIIPROJECTS,NULL,100,5,NULL,NULL,NULL,1
CT0990,DEVI FABRICATIONS AND ENGINEERING CONTRACTORS,,26109728,2021-09-19,,NULL,731,NULL,3125,Mr. HARIDASS R,MAINTENANCE,MAINTENANCE,NULL,60,NULL,NULL,NULL,NULL,1
CT1065,ROTODYNE ENGINEERING SERVICES.,,26109766,2021-09-13,,NULL,731,NULL,3125,Mr. HARIDASS R,MAINTENANCE,MAINTENANCE,NULL,40,5,NULL,NULL,NULL,1
CT1010,NATIONAL INSPECTION & TECHNICAL SERVICES,,26110239,2021-09-13,,NULL,364,NULL,3672,Mr. BALAJI M,MAINTENANCE,MAINTENANCE,NULL,14,5,NULL,NULL,NULL,1
CT1059,GOVINDARAJ CONTRACTOR & EARTH MOVERS,13230378,26111073,2021-03-25,2021-06-30,82756995,172,6,3132,S SADAGOPANMr. KAMARAJ K,PROJECTS,PROJECTS-IIIPROJECTS,NULL,150,120,NULL,NULL,NULL,1
CT1052,K.P.K ENTERPRISES,,26114287,2021-09-17,,NULL,731,NULL,2909,Mr. KSHIR SAGAR RM,MAINTENANCE,MAINTENANCE,NULL,14,5,NULL,NULL,NULL,1
CT1054,PERAMAWELD PRIVATE LIMITED,,26115741,2021-08-19,,NULL,730,NULL,3817,Mr. KISHOR BABU T,OPERATION,OPERATION,NULL,19,5,NULL,NULL,NULL,1
CT0789,SIEMENS LTD-RESONANCE POWER SYSTEMS PVT LTD,,26119547,2021-03-15,,NULL,181,NULL,3942,Mr. HANMANTH RAO G,MAINTENANCE,MAINTENANCE,NULL,19,5,NULL,NULL,NULL,1
CT0200,AEMS ENGG. WORKS PVT. LTD.,,26121409,2020-12-31,,NULL,61,NULL,8160,Mr. SAMBASIVAM K,MAINTENANCE,MAINTENANCE,NULL,75,5,NULL,NULL,NULL,1
CT0673,VASU CHEMICAL LTD,,26122581,2021-07-31,,NULL,365,NULL,8041,Mr. SREENIVASA MURTHY G,PROCESS ENGINEERING - TECHNICAL,PROCESS ENGINEERING - TECHNICAL,NULL,40,NULL,NULL,NULL,NULL,1
CT0990,DEVI FABRICATIONS AND ENGINEERING CONTRACTORS,,26128709,2019-09-27,2021-09-25,,729,,3125,3125,MAINTENANCE,MAINTENANCE,NULL,15,4,,NULL,NULL,1
CT0972,A.J.ENGINEERING,,26128720,2021-09-26,,NULL,731,NULL,3125,Mr. HARIDASS R,MAINTENANCE,MAINTENANCE,NULL,100,65,NULL,NULL,NULL,1
CT0057,SRI SARVAMANGALA FABRICATION,,26134936,2020-12-31,,NULL,78,NULL,3116,Mr. ARUNA VIVEKANANDAN A,PROJECTS,PROJECTS,NULL,19,5,NULL,NULL,NULL,1
CT0679,MASPERO - S P ENGINEERING,,26141435,2021-10-07,,NULL,731,NULL,3105,Mr. BHASKAR R,MAINTENANCE,MAINTENANCE,NULL,14,5,NULL,NULL,NULL,1
CT1066,BEST HEAT ENGINEERINGS,,26142680,2021-01-07,,NULL,91,NULL,4139,Mr. KAMARAJ S,MAINTENANCE,MAINTENANCE,NULL,19,5,NULL,NULL,NULL,1
CT1061,HUBERT ENVIRO CARE SYSTEMS P LTD.,10126307,26149631,2019-10-14,2022-10-12,276793659.9,3,36,8031,TNK BAPIRAJUMr. VISHNUVARDHANA RAO P,OPERATION,OTHERS-OM & SOPERATION,NULL,180,20,NULL,NULL,NULL,1
CT0994,APRA INFRA PROJECTS,,26161552,2020-12-31,,NULL,86,NULL,3069,Mr. KRISHNARAJ T,MAINTENANCE,MAINTENANCE,NULL,100,55,NULL,NULL,NULL,1
CT0360,D.B.V.ENTERPRISES,,26177027,2021-01-31,,NULL,88,NULL,8051,Mr. PURUSHOTHAM,PROJECTS,PROJECTS,NULL,14,5,NULL,NULL,NULL,1
CT0421,FLOW SERVE-MERCURY ENGINEERING,,26180412,2021-04-15,,NULL,161,NULL,8160,Mr. SAMBASIVAM K,MAINTENANCE,MAINTENANCE,NULL,14,5,NULL,NULL,NULL,1
CT0941,ANISH INFRASTRUCTURE(COIMBATORE)PVT LTD,,26196111,2021-11-13,,NULL,731,NULL,3069,Mr. KRISHNARAJ T,MAINTENANCE,MAINTENANCE,NULL,100,50,NULL,NULL,NULL,1
CT0729,CHOLAMANDALAM MS RISK SERVICES LTD,,26196470,2021-11-19,,NULL,731,NULL,3832,Mr. PARASHURAMKAR R J,GENERAL,GENERAL,NULL,14,5,NULL,NULL,NULL,1
CT0346,VENDIGGE ENGINEERING PROJECTS PRIVATE LIMITED,,26198237,2021-11-20,,NULL,731,NULL,3069,Mr. KRISHNARAJ T,MAINTENANCE,MAINTENANCE,NULL,55,45,NULL,NULL,NULL,1
CT1081,GUBBI CIVIL ENGINEERS,,26203921,2020-12-31,,NULL,90,NULL,3069,Mr. KRISHNARAJ T,MAINTENANCE,MAINTENANCE,NULL,34,17,NULL,NULL,NULL,1
CT1077,GULACHI ENGINEERS PVT LTD.,10182578,26204019,2019-11-26,2021-11-24,11271258,2,24,2247,MUTHUKUMARASAMYMr. MUTHUKUMARASWAMY S,PROCESS ENGINEERING - TECHNICAL,OTHERS- INSPECTIONPROCESS ENGINEERING - TECHNICAL,NULL,18,1,NULL,NULL,NULL,1
CT0015,SRI VIGNESH ENTERPRISES,10275707,26205329,2019-11-26,2021-11-25,20141506.1,2,24,3069,PREMCHANDMr. KRISHNARAJ T,MAINTENANCE,MAINT-OFFSITE(CIVIL)MAINTENANCE,NULL,19,5,NULL,NULL,NULL,1
CT0031,RAJA ENGINEERING WORKS,,26208018,2020-12-27,,NULL,61,NULL,8160,Mr. SAMBASIVAM K,MAINTENANCE,MAINTENANCE,NULL,14,5,NULL,NULL,NULL,1
CT1073,IRC ENGINEERING SERVICES INDIA PVT LTD,,26214621,2021-03-02,,NULL,456,NULL,2587,Mr. VELAVAN S P,GENERAL,GENERAL,NULL,14,5,NULL,NULL,NULL,1
CT0369,P C KANI CONTRACTOR,,26214928,2021-02-04,,NULL,63,NULL,2843,Mr. MURALI K,PROJECTS,PROJECTS,NULL,19,5,NULL,NULL,NULL,1
CT0197,V.MANI CIVIL CONTRACTOR,,26219044,2020-12-05,,NULL,366,NULL,2277,Mr. RAGHU MR,MAINTENANCE,MAINTENANCE,NULL,14,5,NULL,NULL,NULL,1
CT0065,"ENVIRONNEMENT S.A INDIA PVT. LTD.,",,26225447,2021-12-10,,NULL,731,NULL,3819,Mr. SENTHIL NATHAN N,MAINTENANCE,MAINTENANCE,NULL,19,5,NULL,NULL,NULL,1
CT0938,CORROSION ENGINEERING SERVICES,,26233748,2021-12-16,,NULL,731,NULL,2587,Mr. VELAVAN S P,OPERATION,OPERATION,NULL,14,5,NULL,NULL,NULL,1
CT1052,K.P.K ENTERPRISES,,26238788,2020-12-19,,NULL,366,NULL,2843,Mr. MURALI K,PROJECTS,PROJECTS,NULL,14,5,NULL,NULL,NULL,1
CT1052,K.P.K ENTERPRISES,,26247556,2020-12-26,,NULL,366,NULL,3584,Mr. SURESH H,PROJECTS,PROJECTS,NULL,14,5,NULL,NULL,NULL,1
CT0921,J.S ENTERPRISES,,26257489,2021-01-05,,NULL,366,NULL,3673,Mr. VIKAS CHOUKSE,PROJECTS,PROJECTS,NULL,14,5,NULL,NULL,NULL,1
CT1008,LAKSHMI TRAVELS,,26260229,2022-01-31,,NULL,731,NULL,3172,DR. SARANGADHARAN S,GENERAL,GENERAL,NULL,19,5,NULL,NULL,NULL,1
CT1037,SAKTHI KANNA CONSTRUCTIONS PVT. LTD.,,26266975,2021-05-08,,NULL,180,NULL,3035,Mr. SADAGOPAN S,PROJECTS,PROJECTS,NULL,90,50,NULL,NULL,NULL,1
CT0703,CITY PEST CONTROL SERVICES,,26270654,2022-01-12,,NULL,731,NULL,2549,Mr. RAMESH BABU B,MAINTENANCE,MAINTENANCE,NULL,14,5,NULL,NULL,NULL,1
CT0419,A K ELECTRICALS,,26274636,2021-02-15,,NULL,92,NULL,3133,Mr. ARUMUGAM N,PROJECTS,PROJECTS,NULL,19,5,NULL,NULL,NULL,1
CT0416,MKM ENTERPRISES,,26285003,2022-01-22,,NULL,731,NULL,4239,Mr. RAHEEM SHAIK,LOGISTICS,LOGISTICS,NULL,19,5,NULL,NULL,NULL,1
CT1141,DEMECH CHEMICAL PRODUCT (P) LTD,,26285731,2021-01-13,,NULL,356,NULL,3116,Mr. ARUNA VIVEKANANDAN A,PROJECTS,PROJECTS,NULL,15,4,NULL,NULL,NULL,1
CT0383,VADUVUDAIAMMAN INDUSTRIES,,26287049,2021-01-23,,NULL,366,NULL,2277,Mr. RAGHU MR,MAINTENANCE,MAINTENANCE,NULL,19,5,NULL,NULL,NULL,1
CT0437,SRI LAKSHMI CONSTRUCTION COMPANY,11922578,26295350,2020-01-31,2021-06-30,NULL,1.5,17,2253,GOPALAKRISHNANMr. GOPALAKRISHNAN S,PROJECTS,PROJECTS-(ELECT)PROJECTS,NULL,14,5,NULL,NULL,NULL,1
CT0457,D R ENTERPRISES,,26295737,2021-03-24,2021-06-30,NULL,366,3,8160,T KRISHNARAJMr. SAMBASIVAM K,MAINTENANCE,MAINT-OFFSITEMAINTENANCE,NULL,19,5,NULL,NULL,NULL,1
CT0494,SRI GANAPATHY ENTERPRISES,,26302327,2020-12-31,,NULL,35,NULL,2277,Mr. RAGHU MR,MAINTENANCE,MAINTENANCE,NULL,19,4,NULL,NULL,NULL,1
CT0690,VIBRANT NDT SERVICES,11927068,26302831,2021-02-05,2022-02-04,1556751.9,1,12,2587,S P VELAVANMr. VELAVAN S P,MAINTENANCE,OTHERS-(INSPECTION)MAINTENANCE,NULL,19,5,NULL,NULL,NULL,1
CT1094,S.S.ENGINEERING,10187446,26311216,2020-02-11,2022-02-09,7070447.28,2,24,3672,M BALAJIMr. BALAJI M,MAINTENANCE,MAINT-ONSITEMAINTENANCE,NULL,19,5,NULL,NULL,NULL,1
CT1095,S PRINCE HIGHTECH PRIVATE LIMITED,,26319751,2022-02-16,,NULL,731,NULL,3125,Mr. HARIDASS R,MAINTENANCE,MAINTENANCE,NULL,50,50,NULL,NULL,NULL,1
CT0690,VIBRANT NDT SERVICES,11927068,26320478,2020-02-18,2022-02-16,6970200,2,24,803136,A CHANDRA MOHANMr. CHANDRAMOHAN A,MAINTENANCE,"OTHERS-(E,I & ITS)MAINTENANCE",NULL,19,5,NULL,NULL,NULL,1
CT0697,S.MAHADEVAN CONTRACTOR,,26322920,2021-02-19,,NULL,366,NULL,4139,Mr. KAMARAJ S,MAINTENANCE,MAINTENANCE,NULL,19,5,NULL,NULL,NULL,1
CT0197,V.MANI CIVIL CONTRACTOR,,26337977,2021-03-01,,NULL,365,NULL,2526,Mr. ANANDAKUMARAN P,MAINTENANCE,MAINTENANCE,NULL,19,4,NULL,NULL,NULL,1
CT1097,BREEZE COOL SERVICE,10105140,26346830,2020-03-06,2022-03-05,3120000,2,24,2982,V THANGAMANIV.THANGAMANI,MAINTENANCE,MAINT-(FIELD-1[DCU-OPH])MAINTENANCE,NULL,15,4,,NULL,NULL,1
CT0461,MKTG-NATIONAL INFORMATICS CENTRE,,26349927,2020-12-31,,NULL,120,NULL,2824,Mr. NANDAKUMAR K,GENERAL,GENERAL,NULL,19,5,NULL,NULL,NULL,1
CT1010,NATIONAL INSPECTION & TECHNICAL SERVICES,,26351207,2021-03-09,,NULL,365,NULL,4104,Mr. MANOJ KUMAR E,PROJECTS,PROJECTS,NULL,15,4,NULL,NULL,NULL,1
CT0369,P C KANI CONTRACTOR,,26351604,2021-03-11,,NULL,365,NULL,2843,Mr. MURALI K,PROJECTS,PROJECTS,NULL,19,5,NULL,NULL,NULL,1
CT0147,VISHAL TESTING AND SERVICES,,26354490,2021-03-18,,NULL,365,NULL,3822,Mr. JAYAKUMAR P,PROJECTS,PROJECTS,NULL,19,4,NULL,NULL,NULL,1
CT0200,AEMS ENGG. WORKS PVT. LTD.,,26367207,2021-01-11,,NULL,78,NULL,8160,Mr. SAMBASIVAM K,MAINTENANCE,MAINTENANCE,NULL,19,4,NULL,NULL,NULL,1
CT0416,MKM ENTERPRISES,,26381057,2021-03-13,,NULL,183,NULL,3831,Mr. NILESH UMAPATI KUCHANKAR,LOGISTICS,LOGISTICS,NULL,19,4,NULL,NULL,NULL,1
CT0019,VOLTAS LIMITED,10126682,26400565,2020-04-17,2022-04-16,2825680,2,24,2235,K MOHAN/S RAJENDRANMr. MOHAN K,MAINTENANCE,"MAINT-(FIELD, REF III/COGERN, CPP)MAINTENANCE",NULL,19,5,NULL,NULL,NULL,1
CT0197,V.MANI CIVIL CONTRACTOR,,26411941,2021-05-01,,NULL,365,NULL,2277,Mr. RAGHU MR,MAINTENANCE,MAINTENANCE,NULL,19,5,NULL,NULL,NULL,1
CT0592,SRI LAKSHMI ENTERPRISES,,26411993,2021-01-30,,NULL,122,NULL,2594,Mr. MATHIAZHAGAN P,MAINTENANCE,MAINTENANCE,NULL,8,NULL,NULL,NULL,NULL,1
CT1019,PPRAJANS ENGINEERING WORKS,,26416570,2021-05-19,,NULL,367,NULL,3338,Mr. KARPAGAM R,PROJECTS,PROJECTS,NULL,19,5,NULL,NULL,NULL,1
CT1103,SRI GURU ENTERPRISES,,26419254,2023-05-10,,NULL,1095,NULL,2645,Mr. RAMESH K,GENERAL,GENERAL,NULL,14,5,NULL,NULL,NULL,1
CT0142,EDAC ENGINEERING LTD,,26421502,2020-12-31,,NULL,66,NULL,3116,Mr. ARUNA VIVEKANANDAN A,PROJECTS,PROJECTS,NULL,20,5,NULL,NULL,NULL,1
CT0012,SANDHYA ENTERPRISES ENGINEERING CONTRACTORS,,26422290,2021-02-28,,NULL,90,NULL,4122,Mr. ADERSH V S,PROJECTS,PROJECTS,NULL,14,5,NULL,NULL,NULL,1
CT0697,S.MAHADEVAN CONTRACTOR,,26427631,2021-01-13,,NULL,92,NULL,4326,Mr. MANOJ PRABHAHAR A N,MAINTENANCE,MAINTENANCE,NULL,19,5,NULL,NULL,NULL,1
CT0436,G J INSULATION,,26429440,2021-08-21,,NULL,365,NULL,2853,Mr. PREMCHAND G,MAINTENANCE,MAINTENANCE,NULL,30,30,NULL,NULL,NULL,1
CT0533,ADARSHA CONTROL & AUTOMATION P LTD,,26430226,2022-05-21,,NULL,619,NULL,4118,Mr. SENTHILKUMAR K,MAINTENANCE,MAINTENANCE,NULL,19,4,NULL,NULL,NULL,1
CT0031,RAJA ENGINEERING WORKS,,26430445,2022-05-13,,NULL,730,NULL,3105,Mr. BHASKAR R,MAINTENANCE,MAINTENANCE,NULL,19,5,NULL,NULL,NULL,1
CT0464,ARYA OMNI TALK WIRELESS SOLUTIONS P LTD,,26430648,2024-05-31,,NULL,1461,NULL,3105,Mr. BHASKAR R,MAINTENANCE,MAINTENANCE,NULL,1,NULL,NULL,NULL,NULL,1
CT0122,EMMAI ENGINEERING WORKS,,26433031,2021-01-31,,NULL,215,NULL,2277,Mr. RAGHU MR,MAINTENANCE,MAINTENANCE,NULL,19,4,NULL,NULL,NULL,1
CT0141,HARI ENGINEERING,11922281,26433199,2020-05-26,2022-05-25,2116584,2,24,3263,A GOPI3263,OPERATION,OTHERS(OM&S-CTS)OPERATION,NULL,15,4,,NULL,NULL,1
CT0266,SRI SAKTHI ENTERPRISES,,26437533,2020-12-09,,NULL,183,NULL,3232,Mr. SANKAR D M,MAINTENANCE,MAINTENANCE,NULL,14,5,NULL,NULL,NULL,1
CT0951,GIRISH CHANDRA GHOSH & G.G.S.,,26438434,2021-03-01,,NULL,91,NULL,3323,Mr. CHANDRA C,MAINTENANCE,MAINTENANCE,NULL,14,5,NULL,NULL,NULL,1
CT0494,SRI GANAPATHY ENTERPRISES,,26438925,2021-05-25,,NULL,365,NULL,2594,Mr. MATHIAZHAGAN P,MAINTENANCE,MAINTENANCE,NULL,19,5,NULL,NULL,NULL,1
CT1019,PPRAJANS ENGINEERING WORKS,,26439613,2021-02-02,,NULL,184,NULL,2938,Mr. DAMODARUN R N,MAINTENANCE,MAINTENANCE,NULL,19,5,NULL,NULL,NULL,1
CT0077,SARAVANA ENGINEERING,,26439953,2020-12-01,,NULL,183,NULL,2277,Mr. RAGHU MR,MAINTENANCE,MAINTENANCE,NULL,19,5,NULL,NULL,NULL,1
CT0013,LIJO ENGINEERING,,26440089,2021-05-15,,NULL,367,NULL,2602,Mr. RAJENDRAN S,MAINTENANCE,MAINTENANCE,NULL,19,5,NULL,NULL,NULL,1
CT0057,SRI SARVAMANGALA FABRICATION,,26440181,2021-01-14,,NULL,31,NULL,4139,Mr. KAMARAJ S,MAINTENANCE,MAINTENANCE,NULL,19,5,NULL,NULL,NULL,1
CT0494,SRI GANAPATHY ENTERPRISES,,26440840,2022-06-02,,NULL,730,NULL,2194,Mr. ARUMUGAM G,MAINTENANCE,MAINTENANCE,NULL,14,5,NULL,NULL,NULL,1
CT0057,SRI SARVAMANGALA FABRICATION,,26440905,2021-05-14,,NULL,365,NULL,2594,Mr. MATHIAZHAGAN P,MAINTENANCE,MAINTENANCE,NULL,19,5,NULL,NULL,NULL,1
CT0039,BUDHAGURU SEAL,10255476,26441002,2020-06-03,2021-06-02,978806.21,1,12,2235,K MOHANMr. MOHAN K,MAINTENANCE,MAINT-FIELD IIMAINTENANCE,NULL,19,5,NULL,NULL,NULL,1
CT0932,SRI SAIKRISHNA BLASTING WORKS,,26442773,2021-11-04,,NULL,365,NULL,8160,Mr. SAMBASIVAM K,MAINTENANCE,MAINTENANCE,NULL,20,20,NULL,NULL,NULL,1
CT0932,SRI SAIKRISHNA BLASTING WORKS,,26442803,2021-06-03,,NULL,365,NULL,8160,Mr. SAMBASIVAM K,MAINTENANCE,MAINTENANCE,NULL,19,5,NULL,NULL,NULL,1
CT0339,U.P.RAMAIAH,,26444466,2021-02-14,,NULL,215,NULL,3132,Mr. KAMARAJ K,PROJECTS,PROJECTS,NULL,19,5,NULL,NULL,NULL,1
CT0636,RICE LAKE WEIGHING SYSTEMS INDIA LIMITED,10170270,26444497,2020-06-05,2021-06-04,19181900,1,12,3069,T KRISHNARAJT.KRISHNARAJ,MAINTENANCE,MAINT-OFFSITEMAINTENANCE,NULL,15,4,,NULL,NULL,1
CT0353,S V ENGINEERING WORKS,11922671,26445952,2020-06-08,2021-06-07,7032485,1,12,3132,K KAMARAJMr. KAMARAJ K,PROJECTS,PROJECTS-IIIPROJECTS,NULL,14,5,NULL,NULL,NULL,1
CT0200,AEMS ENGG. WORKS PVT. LTD.,11922036,26445988,2021-04-01,2021-04-30,,undefined,1,,,,MAINTENANCE,NULL,15,4,19,NULL,NULL,1
CT1150,ABC TECHNO LABS INDIA PRIVATE LIMITED,,26447099,2022-06-08,,NULL,730,NULL,12345,Mr. BALAKRISHNAN L,OPERATION,OPERATION,NULL,15,4,NULL,NULL,NULL,1
CT1115,GLOBAL REMOTE INTEGRATED ACCESS SOLUTION PVT LTD,,26450186,2021-02-09,,NULL,184,NULL,2587,Mr. VELAVAN S P,OPERATION,OPERATION,NULL,19,5,NULL,NULL,NULL,1
CT0408,V LOGESH ENGINEERING,,26454062,2021-06-14,,NULL,365,NULL,2596,Mr. JAYAKUMAR P,MAINTENANCE,MAINTENANCE,NULL,19,5,NULL,NULL,NULL,1
CT0702,VASS ENTERPRISES,,26460237,2022-08-04,,NULL,730,NULL,2982,Mr. THANGAMANI V,MAINTENANCE,MAINTENANCE,NULL,19,5,NULL,NULL,NULL,1
CT0015,SRI VIGNESH ENTERPRISES,10275707,26460473,2021-03-16,2021-08-18,NULL,273,5,4139,S KAMARAJMr. KAMARAJ S,MAINTENANCE,MAINT-CIVILMAINTENANCE,NULL,19,5,NULL,NULL,NULL,1
CT0397,SURYA PIPES & EQUIPMENTS,,26460991,2022-06-19,,NULL,730,NULL,2526,Mr. ANANDAKUMARAN P,PROJECTS,PROJECTS,NULL,19,4,NULL,NULL,NULL,1
CT0200,AEMS ENGG. WORKS PVT. LTD.,,26461058,2021-03-15,2021-04-30,,,,,undefined,,MAINTENANCE,NULL,15,4,19,NULL,NULL,1
CT0689,AARVI ENCON LIMITED,11923131,26462696,2020-06-22,2021-06-22,,undefined,12,,,,,NULL,15,4,19,NULL,NULL,1
CT0065,"ENVIRONNEMENT S.A INDIA PVT. LTD.,",,26465496,2022-06-23,,NULL,730,NULL,8168,Mrs. LOGASUNDARI R,MAINTENANCE,MAINTENANCE,NULL,19,5,NULL,NULL,NULL,1
CT1109,MARVEL HOSPITALITY SERVICES PVT LTD,,26465930,2022-06-30,,NULL,730,NULL,2645,Mr. RAMESH K,GENERAL,GENERAL,NULL,215,20,NULL,NULL,NULL,1
CT0062,SENDHAMARAI ENGINEERING PVT LTD,,26471010,2021-05-09,,NULL,160,NULL,2277,Mr. RAGHU MR,MAINTENANCE,MAINTENANCE,NULL,14,5,NULL,NULL,NULL,1
CT0076,EIL-YOKOGAWA INDIA LIMITED,,26471376,2021-04-23,2021-06-30,,undefined,6,,VIKAS CHOUKSE,METERIAL HANDLING,PROJECT,NULL,15,4,19,NULL,NULL,1
CT1114,SKI ENGINEERING,,26492666,2021-08-10,,NULL,365,NULL,3069,Mr. KRISHNARAJ T,MAINTENANCE,MAINTENANCE,NULL,50,20,NULL,NULL,NULL,1
CT1050,MUNTERS INDIA HUMIDITY CONTROL PVT LTD,10283745,26493996,2020-07-27,2021-07-27,,undefined,12,,,,PROJECT,NULL,15,4,19,NULL,NULL,1
CT0141,HARI ENGINEERING,,26501475,2021-01-20,,NULL,61,NULL,2235,Mr. MOHAN K,MAINTENANCE,MAINTENANCE,NULL,19,5,NULL,NULL,NULL,1
CT0077,SARAVANA ENGINEERING,,26510198,2021-01-28,,NULL,133,NULL,2235,Mr. MOHAN K,MAINTENANCE,MAINTENANCE,NULL,19,4,NULL,NULL,NULL,1
CT0921,J.S ENTERPRISES,13216365,26512610,2020-07-31,2021-07-30,1994400,1,12,4016,SONAL GUPTAMr. SONAL GUPTA,PROJECTS,PROJECTS-ENGPROJECTS,NULL,19,5,NULL,NULL,NULL,1
CT0057,SRI SARVAMANGALA FABRICATION,,26513952,2021-08-13,,NULL,340,NULL,3259,Mr. MANOHARAN B,PROJECTS,PROJECTS,NULL,19,4,NULL,NULL,NULL,1
CT1118,JN MACHINERIES PRIVATE LIMITED,,26518728,2020-12-01,,NULL,92,NULL,2979,Mr. MURUGESAN T,MAINTENANCE,MAINTENANCE,NULL,6,NULL,NULL,NULL,NULL,1
CT0629,J.DHAKSHANI ENTERPRISES,,26527135,2021-08-16,,NULL,365,NULL,2199,Mr. MARIMUTHU V,MAINTENANCE,MAINTENANCE,NULL,19,5,NULL,NULL,NULL,1
CT0705,DURAG INDIA INSTRUMENTION PVT LTD,,26529005,2025-08-13,,NULL,1826,NULL,8168,Mrs. LOGASUNDARI R,MAINTENANCE,MAINTENANCE,NULL,19,4,NULL,NULL,NULL,1
CT0406,SUN FACILITIES SERVICES,11925889,26534923,2020-08-20,2022-08-19,60013230,2,24,3069,T KRISHNARAJMr. KRISHNARAJ T,MAINTENANCE,MAINT-OFFSITEMAINTENANCE,NULL,100,NULL,NULL,NULL,NULL,1
CT0690,VIBRANT NDT SERVICES,,26540274,2020-12-24,,NULL,30,NULL,2200,Mr. NARAYANAMOORTHI C,MAINTENANCE,MAINTENANCE,NULL,19,5,NULL,NULL,NULL,1
CT0529,RMS COOLING EQUIPERS,,26540622,2021-02-04,,NULL,164,NULL,8168,Mrs. LOGASUNDARI R,MAINTENANCE,MAINTENANCE,NULL,19,5,NULL,NULL,NULL,1
CT0801,NEWAGE FIRE PROTECTION ENGINEERS PVT. LTD.,11934950,26545332,2020-09-01,2023-08-31,494500,3,36,2856,S TAMIL MANI/R LOGUTAMIL MANI ,MAINTENANCE,MAINT-(INSTRUMENTS)MAINTENANCE,NULL,15,4,,NULL,NULL,1
CT0070,K. SATHYAPALAN,,26547697,2021-03-08,,NULL,181,NULL,4113,Mr. KANNAPAN P,MAINTENANCE,MAINTENANCE,NULL,19,5,NULL,NULL,NULL,1
CT1135,ADMIN-SIM INFO SYSTEMS PVT LTD,,26548365,2020-12-31,,NULL,88,NULL,1953,Mr. GEORGE THOMAS K,GENERAL,GENERAL,NULL,19,NULL,NULL,NULL,NULL,1
CT0437,SRI LAKSHMI CONSTRUCTION COMPANY,,26549919,2021-01-02,,NULL,123,NULL,2208,Mr. RAMESH B,MAINTENANCE,MAINTENANCE,NULL,19,5,NULL,NULL,NULL,1
CT1095,S PRINCE HIGHTECH PRIVATE LIMITED,13237216,26550817,2020-09-02,2021-09-01,16399659,1,12,4139,S KAMARAJS.KAMARAJ,MAINTENANCE,MAINT-OFFSITEMAINTENANCE,NULL,15,4,,NULL,NULL,1
CT0545,EXTRACO COMPOSITES INDIA PVT LTD,11962674,26551523,2020-09-03,,29002320,122,,2743,K.MURALIRAJA,PROJECTS,PROJECTS,NULL,15,4,,NULL,NULL,1
CT0852,ASVA COOL SOLUTIONS PVT LTD,,26558863,2020-12-31,,NULL,25,NULL,2549,Mr. RAMESH BABU B,MAINTENANCE,MAINTENANCE,NULL,15,4,NULL,NULL,NULL,1
CT1191,TERMAX BABCOCK & WILCOX ENERGY SOLUTIONS PVT LTD,,26559690,2021-05-30,2021-06-08,,undefined,1,,M BALAJI,ENERGY MAINTENANCE,MAINTENANCE,NULL,15,4,19,NULL,NULL,1
CT0377,OXALIS SPECIALITY CHEMICALS AND SERVICES PVT. LTD.,11965755,26563552,2020-09-11,2023-09-10,27309191,3,36,3034,B KOTHANDARAMANMr. KOTHANDARAMAN B,OPERATION,PROJECTS-(TECH-PE)OPERATION,NULL,30,NULL,NULL,NULL,NULL,1
CT0172,A.C.P ELECTRICAL ENGINEERING,,26564776,2021-01-25,,NULL,46,NULL,2851,Mr. KARTHIKEYAN S,MAINTENANCE,MAINTENANCE,NULL,15,4,NULL,NULL,NULL,1
CT0952,MCOG ENGINEERING & FABRICATION PVT LTD,,26570613,2021-01-06,,NULL,31,NULL,3125,Mr. HARIDASS R,MAINTENANCE,MAINTENANCE,NULL,19,4,NULL,NULL,NULL,1
CT0201,VIJAYA SARASWATHI,,26570684,2021-01-15,,NULL,122,NULL,4113,Mr. KANNAPAN P,MAINTENANCE,MAINTENANCE,NULL,19,4,NULL,NULL,NULL,1
CT1122,HIMANSHU INDUSTRIES,13243799,26572982,2020-09-17,2022-09-16,31246790,2,24,12345,B MURUGAVELMr. BALAKRISHNAN L,MAINTENANCE,MAINT-OFFSITEMAINTENANCE,NULL,70,45,NULL,NULL,NULL,1
CT1004,VRV ASIA PACIFIC PVT LTD,,26573161,2021-03-02,,NULL,90,NULL,2277,Mr. RAGHU MR,MAINTENANCE,MAINTENANCE,NULL,15,4,NULL,NULL,NULL,1
CT0346,VENDIGGE ENGINEERING PROJECTS PRIVATE LIMITED,11979705,26574350,2020-09-18,2022-09-17,26967824,2,24,3069,S KAMARAJ3069,MAINTENANCE,MAINT-OFFSITEMAINTENANCE,NULL,15,4,,NULL,NULL,1
CT0029,SNEHAM ENTERPRISES,,26574492,2022-09-20,,NULL,730,NULL,3069,Mr. KRISHNARAJ T,MAINTENANCE,MAINTENANCE,NULL,70,40,NULL,NULL,NULL,1
CT1154,IOCL-KESHAYONA PROCON LIMITED,13235385,26576028,2020-09-19,2021-09-18,2350708.28,1,12,12345,Mr. BALAKRISHNAN L,GENERAL,IOCLGENERAL,NULL,15,4,NULL,NULL,NULL,1
CT0353,S V ENGINEERING WORKS,,26577636,2020-12-20,,NULL,30,NULL,4165,Mr. MAHENDRAN L,MAINTENANCE,MAINTENANCE,NULL,19,4,NULL,NULL,NULL,1
CT0659,OPTIMUS AUTOMATION SYSTEMS,,26579159,2020-09-20,2022-09-20,,730,,3813,3813,,PROJECTS,730,15,4,,,,1
CT1002,ORIGIN TECHSERVE PVT LTD,11958858,26579505,2020-09-22,2022-09-21,1000121,2,24,3813,S MURUGESANMURUGESAN ,ITS,OTHERSGENERAL,730,15,4,,,,1
CT0369,P C KANI CONTRACTOR,,26582464,2021-01-22,,NULL,122,NULL,4113,Mr. KANNAPAN P,MAINTENANCE,MAINTENANCE,NULL,19,4,NULL,NULL,NULL,1
CT0357,CHEMPURE TECHNOLOGIES PVT.LTD,,26586187,2023-10-07,,NULL,1063,NULL,2222,Mr. LOGANATHAN V,OPERATION,OPERATION,NULL,40,NULL,NULL,NULL,NULL,1
CT0033,ST. ANTONYS ENGINEERING CONTRACTOR,13208094,26588615,2020-09-28,2021-09-27,949080,1,12,2542,THIRUSANGUG.THIRUSANGU,MAINTENANCE,PROJECTS-(REF-III/DCU)MAINTENANCE,NULL,15,4,,NULL,NULL,1
CT0163,SRI ATCHAYA ENGINEERING PVT. LTD.,11961567,26590013,2020-09-08,2020-11-27,2795884.12,,2,2594,2594,MAINTENANCE,MAINTENANCE,NULL,15,4,,NULL,NULL,1
CT1145,SOUTHERM ENGINEERS & CORROSION CONTROLS,,26591994,2021-11-01,,NULL,365,NULL,4139,Mr. KAMARAJ S,MAINTENANCE,MAINTENANCE,NULL,30,20,NULL,NULL,NULL,1
CT1138,CLEAN COATS PVT LTD,,26593034,2021-02-20,,NULL,123,NULL,8160,Mr. SAMBASIVAM K,MAINTENANCE,MAINTENANCE,NULL,15,4,NULL,NULL,NULL,1
CT1140,EXCEL ENVIRONMENTAL TECHNOLOGIES PRIVATE LIMITED,,26602411,2021-12-27,,NULL,426,NULL,2222,Mr. LOGANATHAN V,MAINTENANCE,MAINTENANCE,NULL,15,4,NULL,NULL,NULL,1
CT1068,G D ENTERPRISES,11922244,26604226,2020-10-07,2021-10-06,6154938.38,1,12,2593,SIRAJUDDINK.SIRAJUDDIN,PROJECTS,PROJECTS-II_(MECH)PROJECTS,NULL,15,4,,NULL,NULL,1
CT0408,V LOGESH ENGINEERING,,26604258,2021-02-06,,NULL,123,NULL,F078,Mr. SIVARAMAN SANKAR,PROJECTS,PROJECTS,NULL,19,NULL,NULL,NULL,NULL,1
CT0991,SHRI SAI ENTERPRISES,13213515,26611251,2020-10-12,2021-09-11,5793935,1,12,2748,C NATARAJAN2748,PROJECTS,PROJECTSPROJECTS,NULL,15,4,,NULL,NULL,1
CT0494,SRI GANAPATHY ENTERPRISES,11947528,26612408,2020-10-12,2021-10-11,3381750,1,12,2596,JAYAKUMARMr. JAYAKUMAR P,MAINTENANCE,MAINT-OFFSITEMAINTENANCE,NULL,15,4,NULL,NULL,NULL,1
CT0408,V LOGESH ENGINEERING,,26615391,2021-02-15,,NULL,123,NULL,4113,Mr. KANNAPAN P,MAINTENANCE,MAINTENANCE,NULL,15,4,NULL,NULL,NULL,1
CT0149,TECHSOL ENGINEERING SERVICES INDIA (P) LTD,,26616735,2021-01-14,,NULL,92,NULL,2594,Mr. MATHIAZHAGAN P,MAINTENANCE,MAINTENANCE,NULL,19,5,NULL,NULL,NULL,1
CT0122,EMMAI ENGINEERING WORKS,,26627715,2021-01-01,,NULL,31,NULL,2982,Mr. THANGAMANI V,MAINTENANCE,MAINTENANCE,NULL,15,4,NULL,NULL,NULL,1
CT0419,A K ELECTRICALS,,26630898,2021-01-22,,NULL,92,NULL,2843,Mr. MURALI K,PROJECTS,PROJECTS,NULL,15,4,NULL,NULL,NULL,1
CT0369,P C KANI CONTRACTOR,11958089,26638218,2020-10-28,2022-10-27,750742.13,2,24,3821,M KAMALAKANNANMr. KAMALAKANNAN M,MAINTENANCE,PROJECTS-(TECHNICAL-PRO)MAINTENANCE,NULL,15,4,NULL,NULL,NULL,1
CT0185,DIVYA ENGINEERING WORKS,11922201,26642065,2020-10-30,2021-10-29,262886.85,1,12,8068,S BALAKRISHNANS.BALAKRISHNAN,INSPCTION,OTHERS-(INSPECTION)INSPCTION,NULL,15,4,,NULL,NULL,1
CT0360,D.B.V.ENTERPRISES,,26650247,2021-01-07,,NULL,60,NULL,4113,Mr. KANNAPAN P,MAINTENANCE,MAINTENANCE,NULL,15,4,NULL,NULL,NULL,1
CT1147,DHANISHKUMAR ENTERPRISES,,26651583,2021-01-04,,NULL,61,NULL,4165,Mr. MAHENDRAN L,MAINTENANCE,MAINTENANCE,NULL,15,4,NULL,NULL,NULL,1
CT0013,LIJO ENGINEERING,,26654652,2020-12-12,,NULL,30,NULL,2197,Mr. VENKATASUBRAMANI R,MAINTENANCE,MAINTENANCE,NULL,15,4,NULL,NULL,NULL,1
CT0561,SRI HARI ENTERPRISES,10274288,26657118,2020-12-03,2021-12-02,451100,1,12,2596,JAYAKUMARMr. JAYAKUMAR P,OTHERS,MAINT-OFFSITEOTHERS,NULL,15,4,NULL,NULL,NULL,1
CT1164,INDUSTRIAL ASSOCIATES,,26663779,2020-11-12,2021-09-08,7475375,43832,10,,B MURUGAVEL,,MAINT-OFFSITE/CIVILMAINTENANCE,,,,,,,1
CT1146,ADMIN-SRI KAUVERY MEDICAL CARE (INDIA) LTD.,,26667421,2023-09-22,,NULL,1095,NULL,3652,Dr. SYED IBRAHIM A R,GENERAL,GENERAL,NULL,15,4,NULL,NULL,NULL,1
CT1146,ADMIN-SRI KAUVERY MEDICAL CARE (INDIA) LTD.,,26667429,2023-09-22,,NULL,1095,NULL,4030,DR. VIJAY ANAND R,GENERAL,GENERAL,NULL,15,4,NULL,NULL,NULL,1
CT1052,K.P.K ENTERPRISES,,26673437,2021-03-19,,NULL,120,NULL,4030,DR. VIJAY ANAND R,GENERAL,GENERAL,NULL,15,4,NULL,NULL,NULL,1
CT0122,EMMAI ENGINEERING WORKS,,26677781,2021-05-31,,NULL,182,NULL,2596,Mr. JAYAKUMAR P,MAINTENANCE,MAINTENANCE,NULL,15,4,NULL,NULL,NULL,1
CT0439,ARROW ENGINEERING ENTERPRISES,,26679024,2023-11-23,,NULL,1095,NULL,2200,Mr. NARAYANAMOORTHI C,MAINTENANCE,MAINTENANCE,NULL,19,4,NULL,NULL,NULL,1
CT0439,ARROW ENGINEERING ENTERPRISES,10279353,26679024,2020-11-24,2023-11-24,,undefined,36,,NARAYANAMOORTHY,Cooling tower fans maintenance ,MAINTENANCE,NULL,15,4,19,NULL,NULL,1
CT0150,S.L. ENGINEERING,11922579,26682768,2020-11-26,2021-05-25,389931,181,6,4165,MAHENDRAN LMr. MAHENDRAN L,MAINTENANCE,MAINT-CIVILMAINTENANCE,NULL,15,4,NULL,NULL,NULL,1
CT0395,BALMER LAWRIE & CO LTD,11922104,26702080,2020-12-09,2021-06-08,39960000,,6,,S.KAMARAJ,MAINTANENCE,MAINTANENCE,NULL,15,4,19,NULL,NULL,1
CT0654,CONTRACT RESOURCES PETROCHEM SERVICES (INDIA)PVT.LTD,10101047,26726737,2021-03-29,2021-04-15,,undefined,1,,MATHAZHAN P,REFINARY,MAINTANANCE,NULL,15,4,19,NULL,NULL,1
CT1186,SICK INDIA PRIVATE LIMITED,10285848,26738842,2020-12-30,2022-12-31,4374692.04,2,24,,S KARTHIKEYANKARTHIKEYAN,SUPPLING,MAINT-INSTRUMENTSMAINTENANCE,NULL,15,4,19,NULL,NULL,1
CT0417,ARUN TECH INDUSTRIAL SERVIES PVT LTD,11969566,26754938,2021-01-07,2022-01-06,1364737.5,1,12,,V VIVEKRAJV.VIVEKRAJ,INSPECTION AGENCIES TO CARRY OUT PRE SHOUDOWN,OTHERS-(INSPECTION)PROJECT,NULL,15,4,19,NULL,NULL,1
CT0163,SRI ATCHAYA ENGINEERING PVT. LTD.,11961567,26775157,2021-01-19,2021-04-19,2993783,90,3,,SAMBASIVAM,REFINERY,MAINT OFFSITE,NULL,15,4,19,NULL,NULL,1
CT1111,ADAGE AUTOMATION PRIVATE LIMITED,13212866,26781209,2021-01-22,2023-01-22,,undefined,24,,S KARTHIKEYAN,SUPPLYING,MAINTANANCE,NULL,15,4,19,NULL,NULL,1
CT1181,SRI ENGINEERING WORKS,13246991,26797204,2021-02-01,2023-02-01,,,24,,,,PROJECT,NULL,15,4,19,NULL,NULL,1
CT0419,A K ELECTRICALS,11923119,26799791,2021-02-02,2022-02-01,6149960.48,1,12,,B RAMESHS. GOPALAKRISHNAN,ELECTRICAL WORK,PROJECTS-ELECTRICALSPROJECTS,NULL,15,4,19,NULL,NULL,1
CT0921,J.S ENTERPRISES,13216365,26807230,2021-02-23,2022-02-22,5781700,1,12,,KUMAR NAYAKSHRI KUMAR NAYAK,RLNG PROJECT,PROJECTS-III(M&G)PROJECT,NULL,15,4,19,NULL,NULL,1
CT1178,NAVEEN ENTERPRISES,13249055,26810013,2021-02-08,2021-08-07,6099439,undefined,6,,S KAMARAJSELLADURAI K,"Day lighting, Debris removal",MAINT-OFFSITE(CIVIL)MAINTENANCE,NULL,15,4,19,NULL,NULL,1
CT0614,SUDHARSANAM TRANS,1198784,26811108,2021-02-08,2022-02-07,,1,12,,,CRANES FOR MAINTENANCE,MAINTENANCE,NULL,15,4,19,NULL,NULL,1
CT1183,GREEN HOURS,11922258,26813748,2021-02-09,2024-02-08,20804428,3,36,,S KAMARAJKAMARAJ ,Maintenance of Gardens and Lawns,MAINT-CIVILMAINTENANCE,NULL,15,4,19,NULL,NULL,1
CT0156,GULF ENGINEERS & CONSTRUCTIONS PVT. LTD.,10281565,26816467,2021-04-05,2021-07-03,,89,,,,REFINERY -III FLARE SYSTEM MAINTENANCE,MAINTENANCE,NULL,15,4,19,NULL,NULL,1
CT1187,ENTHRALLTECH PRIVATE LIMITED,13232035,26816701,2021-02-10,2026-02-10,,undefined,60,,RAVIKUMAR C K,"DESIGNING, DEVELOPING, IMPLIMENTING",MAINTENANCE,NULL,15,4,19,NULL,NULL,1
CT1182,ETA ENGINEERING PVT LTD,10268540,26838398,2021-02-22,2021-04-21,,undefined,2,,RAMESH BABU B,SUBSTATION OPERATION AND MAINTENANCE,MAINTENANCE,NULL,15,4,19,NULL,NULL,1
CT0494,SRI GANAPATHY ENTERPRISES,11947528,26841783,2021-05-12,2021-06-14,,,1,,M BALAJI,REQUIREMENTS FOR EXECUTION OF WORK,MAINT-ONSITE IIMAINTANANCE,NULL,15,4,19,NULL,NULL,1
CT1184,R MALARVANAN,10131697,26849395,2021-02-27,2021-02-26,,2,24,,undefined,SUPPLYING,IOCL,NULL,15,4,19,NULL,NULL,1
CT0457,D R ENTERPRISES,11922203,26856234,2021-03-03,2022-03-02,887500,1,12,,D M SANKARD.M SANKAR ,SEGREGATING AND REMOVAL,MAITENANCEMAINTENANCE,NULL,15,4,19,NULL,NULL,1
CT0057,SRI SARVAMANGALA FABRICATION,,26860971,2021-04-01,2021-06-30,,undefined,3,,M BALAJI,MAINTENANCE,MAINTENANCE,NULL,15,4,19,NULL,NULL,1
CT0077,SARAVANA ENGINEERING,11946520,26861858,2021-03-05,2021-06-04,432508.14,undefined,3,,P JAYAKUMARJAYAKUMAR P,ELECTION AND DISMANDLING OF STEEL,MAINT-OFFSITEMAINTENANCE,NULL,15,4,19,NULL,NULL,1
CT0348,TOTALE GLOBAL PVT LTD,10281044,26870699,2021-04-26,2021-07-25,17276345,,3,,S KAMARAJSHRI. S. KAMARAJ DGM (MAINT-OFF SITE),,MAINT-OFFSITEMAINTENANCE,NULL,15,4,19,NULL,NULL,1
CT0200,AEMS ENGG. WORKS PVT. LTD.,11922036,26885916,2021-03-17,2021-05-17,,undefined,2,,NARAYANAMOORTHI C,MECHANICAL EQUIPMENT DISMANTLING,PROJECT,NULL,15,4,19,NULL,NULL,1
CT0871,EXCELLENT PROJECT INDIA PVT LTD,11903111,26894461,2021-04-09,2021-06-07,74530502.45,60,2,,R HARIDASSHARIDASS R,,MAINT-ONSITEPROJECT,NULL,15,4,19,NULL,NULL,1
CT0690,VIBRANT NDT SERVICES,11927068,26917917,2021-03-30,2022-02-28,,undefined,12,,,CARYOUT HOT PIPELINES,INSPECTION,NULL,15,4,19,NULL,NULL,1
CT0952,MCOG ENGINEERING & FABRICATION PVT LTD,13213454,26927773,2021-04-03,2021-10-03,,undefined,6,,MARIRAJAN R,CARRYOUT CUTTING,MAINTENANCE,NULL,15,4,19,NULL,NULL,1
CT0990,DEVI FABRICATIONS AND ENGINEERING CONTRACTORS,13218985,26934722,2021-04-07,2021-07-07,,undefined,3,,MATHIAZHAN P,ROUTINE MAINT ROTARY FILTERS,MAINTENANCE,NULL,15,4,19,NULL,NULL,1
CT0029,SNEHAM ENTERPRISES,,26935907,2021-04-07,2022-04-07,,undefined,12,,MANOHARAN B,DISPOSAL OF SURPLUS,PROJECT,NULL,15,4,19,NULL,NULL,1
CT0183,D.L.ENGINEERING WORKS,,26947577,2021-04-15,2022-04-15,,undefined,12,,,,Development,NULL,15,4,19,NULL,NULL,1
CT0141,HARI ENGINEERING,11922281,26947721,2021-04-02,2021-07-09,3664988.45,3,3,,,GRATINGS REPLACEMENT,MAINTENANCE,NULL,15,4,19,NULL,NULL,1
CT0860,MKTG-SRIKARA LOGISTICS,,41487891,2021-02-20,,NULL,91,NULL,2813,Mr. KALAIVANAN M,OTHERS,OTHERS,NULL,14,5,NULL,NULL,NULL,1
CT0420,IOCL-V.VARGEES,,1000322140,2020-12-20,,NULL,81,NULL,IOCL1,Ms. CHITRA BALAKRISHNAN,OTHERS,OTHERS,NULL,1,NULL,NULL,NULL,NULL,1
CT1030,EIL-THERMAL SYSTEMS - S K BOILERS PVT LTD,,2019400125,2020-12-31,2021-06-30,NULL,18,NULL,3237,Mr. ILANGO R,PROJECTS,PROJECTS,NULL,4,15,NULL,NULL,NULL,1
CT0959,EIL-BGR ENERGY-EMCOP ENGINEERING & ASSOCIATES,,2300019266,2021-01-31,2021-06-30,NULL,62,NULL,3237,Mr. ILANGO R,PROJECTS,PROJECTS,NULL,19,5,NULL,NULL,NULL,1
CT1076,EIL-TUAMAN- SRI LAKHSMI CONSTRUCTION COMPANY,,4160000268,2020-12-30,2021-06-30,NULL,30,NULL,3237,Mr. ILANGO R,PROJECTS,PROJECTS,NULL,14,5,NULL,NULL,NULL,1
CT1074,EIL-TUAMAN- S P CONTROLS,,4160000300,2021-01-31,2021-06-30,NULL,61,NULL,3237,Mr. ILANGO R,PROJECTS,PROJECTS,NULL,14,15,NULL,NULL,NULL,1
CT1074,EIL-TUAMAN- S P CONTROLS,,4160001090,2021-01-31,2021-06-30,NULL,31,NULL,3673,Mr. VIKAS CHOUKSE,PROJECTS,PROJECTS,NULL,19,4,NULL,NULL,NULL,1
CT1189,EPCC/YOKOGAWA/SP CONTROLS,,4508899519,2021-04-23,2021-08-23,,,,,,,PROJECTS,NULL,15,4,19,NULL,NULL,1
CT1083,EIL-MOSS-SAI ENGINEERING,,9.14E+11,2020-12-31,2021-06-30,NULL,122,NULL,3237,Mr. ILANGO R,PROJECTS,PROJECTS,NULL,19,5,NULL,NULL,NULL,1
CT1129,EIL-INDIAN SECURITY SERVICES,,5.12E+14,2021-01-31,2021-06-30,NULL,131,NULL,2682,Mr. SIVASANKARAN S,PROJECTS,PROJECTS,NULL,19,4,NULL,NULL,NULL,1
CT1063,EIL-THERMAL SYSTEMS - CARBORUNDAM UNIVERSAL LTD.,,2019400333/B-00451,2020-12-31,2021-06-30,NULL,21,NULL,3237,Mr. ILANGO R,PROJECTS,PROJECTS,NULL,14,5,NULL,NULL,NULL,1
CT1102,MKTG-TRP LOGISTICS PRIVATE LIMITED.,,228200-TRP,2020-12-31,,NULL,104,NULL,2855,Mr. KUMAR R,OTHERS,OTHERS,NULL,5,NULL,NULL,NULL,NULL,1
CT0085,MCNALLY BHARAT ENGINEERING COMPANY LTD,,24370012 BILLING,2021-01-02,,NULL,42,NULL,3035,Mr. SADAGOPAN S,PROJECTS,PROJECTS,NULL,2,4,NULL,NULL,NULL,1
CT0811,EIL-ANI INSTRUMENTS PVT. LTD.,,24901769-EAI,2021-01-31,2021-06-30,NULL,62,NULL,3237,Mr. ILANGO R,PROJECTS,PROJECTS,NULL,14,5,NULL,NULL,NULL,1
CT0810,EIL-GLOBAL CONSTRUCTION COMPANY,,24901769-EGC,2021-01-31,2021-06-30,NULL,153,NULL,3237,Mr. ILANGO R,PROJECTS,PROJECTS,NULL,14,5,NULL,NULL,NULL,1
CT0918,EIL-PIONEER E SOLUTION PVT. LTD,,24901769-EIP,2021-01-31,2021-06-30,NULL,153,NULL,3237,Mr. ILANGO R,PROJECTS,PROJECTS,NULL,19,5,NULL,NULL,NULL,1
CT0981,EIL-MX SYSTEMS INTERNATIONAL PVT LTD,,24901769-EMX,2021-01-31,2021-06-30,NULL,153,NULL,3237,Mr. ILANGO R,PROJECTS,PROJECTS,NULL,19,5,NULL,NULL,NULL,1
CT0803,EPC CONSTRUCTIONS INDIA LTD-MILLICON CONSULTANT ENGINEERS PVT. LTD.,,25267508-EPM,2020-12-31,,NULL,87,NULL,3237,Mr. ILANGO R,PROJECTS,PROJECTS,NULL,14,5,NULL,NULL,NULL,1
CT0960,BHEL-GE GAS TURBINE-BETHEL ENGINEERING PVT LTD.,,25589514-BET,2020-12-31,,NULL,27,NULL,3125,Mr. HARIDASS R,MAINTENANCE,MAINTENANCE,NULL,50,5,NULL,NULL,NULL,1
CT0336,APARAJITHA CORPORATE SERVICES (P) LTD,,25657992-BILLING,2021-01-15,2021-05-31,,32,,2645,2645,GENERAL,GENERAL,NULL,15,4,,NULL,NULL,1
CT0172,A.C.P ELECTRICAL ENGINEERING,,25676662-BILLING,2021-01-10,,NULL,31,NULL,3673,Mr. VIKAS CHOUKSE,PROJECTS,PROJECTS,NULL,1,NULL,NULL,NULL,NULL,1
CT0999,GE POWER INDIA LTD-CKEE ENGINEERING PVT LTD,,25717193 CKE,2020-12-31,,NULL,56,NULL,3125,Mr. HARIDASS R,MAINTENANCE,MAINTENANCE,NULL,75,50,NULL,NULL,NULL,1
CT0965,BRIDGE & ROOF CO (INDIA) LTD-JRP INFRA LIMITED,,25726344-JRP,2021-01-31,,NULL,65,NULL,3069,Mr. KRISHNARAJ T,MAINTENANCE,MAINTENANCE,NULL,70,55,NULL,NULL,NULL,1
CT1060,BRIDGE AND ROOF - DEEPA ENGINEERS P LTD.,,25780151 BRD,2021-02-27,,NULL,171,NULL,3069,Mr. KRISHNARAJ T,MAINTENANCE,MAINTENANCE,NULL,100,100,NULL,NULL,NULL,1
CT0653,BRIDGE&ROOF-V MANI CIVIL CONTRACTOR,,25780151-VMC,2021-03-10,,NULL,731,NULL,3069,Mr. KRISHNARAJ T,MAINTENANCE,MAINTENANCE,NULL,0,20,NULL,NULL,NULL,1
CT0474,ESWAR ENGG WORKS,,25850981-BILLING,2021-01-08,,NULL,33,NULL,3119,Mr. MANOVA JEEVADOS D,MAINTENANCE,MAINTENANCE,NULL,NULL,NULL,NULL,NULL,NULL,1
CT1020,STERLING AND WILSON PVT LIMITED-STAR ENGINEERING ELECTRICAL,,25851230-SWS,2021-01-18,,NULL,184,NULL,3125,Mr. HARIDASS R,MAINTENANCE,MAINTENANCE,NULL,19,5,NULL,NULL,NULL,1
CT1121,FITECH EQUIPMENTS I PVT LTD-SRI GURU ENTERPRISES,,25854884 FIS,2022-09-05,,NULL,729,NULL,3125,Mr. HARIDASS R,MAINTENANCE,MAINTENANCE,NULL,19,4,NULL,NULL,NULL,1
CT0438,FITECH EQUIPMENTS (FIME),,25854884-FIF,2021-03-18,2023-03-22,32431617,3,36,3125,HARI DASS ,MAINTENANCE,MAINTENANCE,NULL,15,4,,NULL,NULL,1
CT0366,LLOYD INSULATIONS,,25872939 BILLING,2020-12-19,,NULL,30,NULL,3035,Mr. SADAGOPAN S,PROJECTS,PROJECTS,NULL,1,2,NULL,NULL,NULL,1
CT1084,TECHSOL ENGINEERING SERVICES- A.C.P ELECTRICAL ENGINEERING,,25912189 TEA,2021-04-08,,NULL,731,NULL,3152,Mr. ELANCHELIAN A,MAINTENANCE,MAINTENANCE,NULL,14,5,NULL,NULL,NULL,1
CT0060,FRANKLIN IME TECHS PVT. LTD.,,25912233 FOA,2021-04-19,,NULL,365,NULL,3125,Mr. HARIDASS R,MAINTENANCE,MAINTENANCE,NULL,80,5,NULL,NULL,NULL,1
CT1049,SCHNEIDER ELECTRIC INFRASTRUCTURE-OMICON ENGINEERING PVT. LTD,,25946457-SOM,2021-03-15,,NULL,175,NULL,4118,Mr. SENTHILKUMAR K,MAINTENANCE,MAINTENANCE,NULL,19,5,NULL,NULL,NULL,1
CT0183,D.L.ENGINEERING WORKS,,25947210-BILLING,2020-12-31,,NULL,58,NULL,3132,Mr. KAMARAJ K,PROJECTS,PROJECTS,NULL,2,NULL,NULL,NULL,NULL,1
CT0065,"ENVIRONNEMENT S.A INDIA PVT. LTD.,",,25998337 ENV,2021-06-27,,NULL,731,NULL,3125,Mr. HARIDASS R,MAINTENANCE,MAINTENANCE,NULL,14,5,NULL,NULL,NULL,1
CT0733,VENDIGGE ENGINEERING - UNICONSYS PVT LTD,,26067423 VUC,2021-01-25,,NULL,91,NULL,3132,Mr. KAMARAJ K,PROJECTS,PROJECTS,NULL,40,15,NULL,NULL,NULL,1
CT1125,SIMPLEX INFRASTRUCTURE LTD-KELLER GROUNDENGINEERING INDIA PVT LTD,,26146939 KEL,2021-02-17,,NULL,90,NULL,3035,Mr. SADAGOPAN S,PROJECTS,PROJECTS,NULL,50,20,NULL,NULL,NULL,1
CT1093,HUBERT-R.M.S.COOLING EQUIPES,,26149631-HRM,2021-02-28,,NULL,394,NULL,8031,Mr. VISHNUVARDHANA RAO P,OPERATION,OPERATION,NULL,19,5,NULL,NULL,NULL,1
CT0977,S L ENGINEERING (SLG CHENNAI),,26204132-SLG,2021-11-25,,NULL,731,NULL,2242,Mr. MARIRAJAN R,MAINTENANCE,MAINTENANCE,NULL,19,5,NULL,NULL,NULL,1
CT0750,KONECRANES-SUPRA ENGINEERING,,26233463 KSG,2021-12-16,,NULL,731,NULL,3125,Mr. HARIDASS R,MAINTENANCE,MAINTENANCE,NULL,14,5,NULL,NULL,NULL,1
CT1126,NEWAGE FIRE PROTECTION ENGINEERS PVT. LTD-FRANKLIN IME TECHS PVT. LTD.,,26411091 NEF,2021-03-31,,NULL,90,NULL,3673,Mr. VIKAS CHOUKSE,PROJECTS,PROJECTS,NULL,19,4,NULL,NULL,NULL,1
CT1104,EDAC- DEEPA ENGINEERS PVT LTD,,26421502-EDP,2020-12-31,,NULL,83,NULL,3116,Mr. ARUNA VIVEKANANDAN A,PROJECTS,PROJECTS,NULL,280,50,NULL,NULL,NULL,1
CT1113,EDAC-MSD MULTI SERVICES PRIVATE LIMITED,,26421502-MSD,2020-12-31,,NULL,66,NULL,3116,Mr. ARUNA VIVEKANANDAN A,MAINTENANCE,MAINTENANCE,NULL,19,5,NULL,NULL,NULL,1
CT1124,THERMO FISHER SCIENTIFIC- RANDSTAD INDIA PRIVATE LTD,,26443965 RAN,2025-09-17,,NULL,1826,NULL,3152,Mr. ELANCHELIAN A,MAINTENANCE,MAINTENANCE,NULL,19,4,NULL,NULL,NULL,1
CT0839,MKTG-V.K.ENTERPRISES,,306841 VK,2020-12-17,,NULL,93,NULL,2813,Mr. KALAIVANAN M,OTHERS,OTHERS,NULL,NULL,NULL,NULL,NULL,NULL,1
CT0426,SURYAA FACILITIES SERVICES,,44NC4600CPCL GSG:PO-06,2021-07-31,,NULL,365,NULL,3237,Mr. ILANGO R,PROJECTS,PROJECTS,NULL,4,NULL,NULL,NULL,NULL,1
CT0767,EIL-AARVI ENCON LIMITED,,8503/LOA/LT/17-18/1001/01,2021-01-31,2021-06-30,NULL,62,NULL,3237,Mr. ILANGO R,PROJECTS,PROJECTS,NULL,14,5,NULL,NULL,NULL,1
CT0868,EIL-SINCLUS ENGINEERING & CONSULTING PVT. LTD.,,8588/LOA/LT/17-18/1005/06,2021-01-31,2021-06-30,NULL,153,NULL,3237,Mr. ILANGO R,PROJECTS,PROJECTS,NULL,19,5,NULL,NULL,NULL,1
CT0672,EIL-J S ENTERPRISES,13216365,A927/19/40/CPCL/C0301/4118,2021-03-22,2021-06-30,,1.9,11,,undefined,,PROJECTS-(BS-VI),NULL,15,4,19,NULL,NULL,1
CT1188,EIL-ZEECO-EVOLUTION ACCESS TECHNOLOGES PVT LTD,,A927/19/40/CPCL/C0601/4185,2021-04-17,2021-06-30,,undefined,1,,PURUSHOTHAM,COMMISSINING WORK,PROJECT,NULL,15,4,19,NULL,NULL,1
CT0947,EIL-BGR ENERGY SYSTEMS LTD,,A927/30/87/0,2021-01-31,2021-06-30,NULL,62,NULL,3237,Mr. ILANGO R,PROJECTS,PROJECTS,NULL,19,5,NULL,NULL,NULL,1
CT1040,EIL-EMERSON PROCESS MANAGEMENT INDIA PVT. LTD.,,A927/549/320/0,2021-01-31,2021-06-30,NULL,153,NULL,3237,Mr. ILANGO R,PROJECTS,PROJECTS,NULL,19,5,NULL,NULL,NULL,1
CT1127,EIL-HD FIRE PROTECT PVT LTD.,,A927/560/560/0,2020-12-31,2021-06-30,NULL,31,NULL,3035,Mr. SADAGOPAN S,PROJECTS,PROJECTS,NULL,19,4,NULL,NULL,NULL,1
CT1027,EIL-THERMAL SYSTEMS (HYDERABAD) PVT LTD.,,A927/7411/536/PO-131,2020-12-31,2021-06-30,NULL,61,NULL,3237,Mr. ILANGO R,PROJECTS,PROJECTS,NULL,14,5,NULL,NULL,NULL,1
CT1025,EIL-SCHNEIDER ELECTRIC SYSTEMS INDIA PVT LTD,,A927/96/356/0,2020-12-31,2021-06-30,NULL,55,NULL,3237,Mr. ILANGO R,PROJECTS,PROJECTS,NULL,19,5,NULL,NULL,NULL,1
CT1142,EIL-SCHNEIDER ELECTRIC -VISION INDIA SERVICES PVT LTD,,A927/96/356/0-ESV,2020-12-31,2021-06-30,NULL,90,NULL,12345,Mr. BALAKRISHNAN L,PROJECTS,PROJECTS,NULL,15,4,NULL,NULL,NULL,1
CT0841,ADMIN-DSQUARE GRAPHICS,,ADM:002:2018-19,2021-01-28,,NULL,87,NULL,3215,Mr. MAHENDRAN K,GENERAL,GENERAL,NULL,14,5,NULL,NULL,NULL,1
CT0984,ADMIN-JAI BALAJI ENTERPRISES,,ADMIN,2020-12-31,,NULL,123,NULL,2645,Mr. RAMESH K,GENERAL,GENERAL,NULL,6,NULL,NULL,NULL,NULL,1
CT0373,ADMIN-SRI SIVASAKTHI WOOD CRAFTS,,ADMIN JOB,2021-02-21,,NULL,92,NULL,2645,Mr. RAMESH K,OTHERS,OTHERS,NULL,NULL,NULL,NULL,NULL,NULL,1
CT1071,ADMIN-CHENNAI PETROLEUM CORPORATION LTD.,,ADMIN OHS,2020-12-31,,NULL,196,NULL,2776,Mr. MOHAN P,GENERAL,GENERAL,NULL,14,5,NULL,NULL,NULL,1
CT1075,ADMIN-R K SYSTEMS,,AKR0001,2020-12-24,,NULL,92,NULL,2645,Mr. RAMESH K,GENERAL,GENERAL,NULL,10,NULL,NULL,NULL,NULL,1
CT0771,EIL-BRIDGE & ROOF CO (I) LTD (OSBL),,AS/927-000-PK-TN-3002/1012/FOA/3009,2020-12-31,2021-06-30,NULL,122,NULL,3237,Mr. ILANGO R,PROJECTS,PROJECTS,NULL,950,900,NULL,NULL,NULL,1
CT0821,EIL-BRIDGE & ROOF OSBL-CULCUTTA TECHNO HEATERS INDIA PVT LTD,,AS/927-000-PK-TN-3002/1012/FOA/3009-BCT,2020-12-31,2021-06-30,NULL,99,NULL,3237,Mr. ILANGO R,PROJECTS,PROJECTS,NULL,950,900,NULL,NULL,NULL,1
CT1105,EIL-BRIDGE&ROOF(OSBL)-SP CONTROLS,,AS/927-000-PK-TN-3002/1012/FOA/3009-BSP,2020-12-31,2021-06-30,NULL,123,NULL,3237,Mr. ILANGO R,PROJECTS,PROJECTS,NULL,20,30,NULL,NULL,NULL,1
CT0797,EIL-BRIDGE&ROOF (OSBL) CONCORD ENGINEERING WORKS,,AS/927-000-PK-TN-3002/1012/FOA/3009-EBC,2020-12-31,2021-06-30,NULL,122,NULL,3237,Mr. ILANGO R,PROJECTS,PROJECTS,NULL,400,400,NULL,NULL,NULL,1
CT0842,EIL-BRIDGE&ROOF (OSBL)-INSUL PROJECTS,,AS/927-000-PK-TN-3002/1012/FOA/3009-EBI,2020-12-31,2021-06-30,NULL,101,NULL,3237,Mr. ILANGO R,PROJECTS,PROJECTS,NULL,500,15,NULL,NULL,NULL,1
CT0800,EIL-BRIDGE&ROOF(OSBL)-SOUTHERN ENGINEERS AND CORROSION CONTROLS,,AS/927-000-PK-TN-3002/1012/FOA/3009-EBS,2020-12-31,2021-06-30,NULL,122,NULL,3237,Mr. ILANGO R,PROJECTS,PROJECTS,NULL,15,15,NULL,NULL,NULL,1
CT0861,EIL-BRIDGE & ROOF OSBL-WELCOME FABRICATION WORKS,,AS/927-000-PK-TN-3002/1012/FOA/3009-EBW,2020-12-31,2021-06-30,NULL,122,NULL,3237,Mr. ILANGO R,PROJECTS,PROJECTS,NULL,400,500,NULL,NULL,NULL,1
CT0913,EIL-BRIDGE & ROOF OSBL - SRI DHANALAKSHMI ENTERPRISES,,AS/927-000-PK-TN-3002/1012/FOA/3009-EDE,2020-12-31,2021-06-30,NULL,122,NULL,3237,Mr. ILANGO R,PROJECTS,PROJECTS,NULL,950,900,NULL,NULL,NULL,1
CT0856,EIL-BRIDGE AND ROOF(OSBL)-N N ENGG WORKS,,AS/927-000-PK-TN-3002/1012/FOA/3009-ENN,2020-12-31,2021-06-30,NULL,122,NULL,3237,Mr. ILANGO R,PROJECTS,PROJECTS,NULL,410,510,NULL,NULL,NULL,1
CT0915,EIL-BRIDGE & ROOF OSBL - RANJEET CONSTRUCTION,,AS/927-000-PK-TN-3002/1012/FOA/3009-ERR,2020-12-31,2021-06-30,NULL,122,NULL,3237,Mr. ILANGO R,PROJECTS,PROJECTS,NULL,400,300,NULL,NULL,NULL,1
CT0772,EIL-BRIDGE & ROOF OSBL - RATAN CONSTRUCTION COMPANY,,AS/927-000-PK-TN-3002/1012/FOA/3009-ERT,2020-12-31,2021-06-30,NULL,122,NULL,3237,Mr. ILANGO R,PROJECTS,PROJECTS,NULL,420,515,NULL,NULL,NULL,1
CT0985,EIL-BRIDGE & ROOF OSBL - INSULREF TECHNOLOGIES PVT LTD,,AS/927-000-PK-TN-3002/1012/FOA/3009-INS,2020-12-31,2021-06-30,NULL,122,NULL,3237,Mr. ILANGO R,PROJECTS,PROJECTS,NULL,26,26,NULL,NULL,NULL,1
CT0982,EIL-BRIDGE & ROOF OSBL-MAMTHA CONSTRUCTION,,AS/927-000-PK-TN-3002/1012/FOA/3009-MAM,2020-12-31,2021-06-30,NULL,78,NULL,3237,Mr. ILANGO R,PROJECTS,PROJECTS,NULL,80,70,NULL,NULL,NULL,1
CT0794,EIL-BRIDGE&ROOF (OSBL)-NATIONAL INSPECTION TECHNICAL SERVICES,,AS/927-000-PK-TN-3002/1012/FOA/3009-NIT,2020-12-31,2021-06-30,NULL,122,NULL,3237,Mr. ILANGO R,PROJECTS,PROJECTS,NULL,400,500,NULL,NULL,NULL,1
CT0976,EIL-BRIDGE & ROOF OSBL-SRI LAKSHMI CONSTRUCTION COMPANY,,AS/927-000-PK-TN-3002/1012/FOA/3009-SCC,2020-12-31,2021-06-30,NULL,122,NULL,3237,Mr. ILANGO R,PROJECTS,PROJECTS,NULL,37,10,NULL,NULL,NULL,1
CT1110,EIL-BRIDGE&ROOF (OSBL)-VALLAB ENGINEERING SERVICES PVT LTD,,AS/927-000-PK-TN-3002/1012/FOA/3009-VAL,2020-12-31,2021-06-30,NULL,122,NULL,3237,Mr. ILANGO R,PROJECTS,PROJECTS,NULL,30,5,NULL,NULL,NULL,1
CT0425,EIL-SIMPLEX INFRASTRUCTURE LTD,,AS/A927-000-CE-TN-8102/1005,2021-03-26,2021-06-30,NULL,122,4,3237,S SADAGOPANMr. ILANGO R,PROJECTS,PROJECTSPROJECTS,NULL,850,700,NULL,NULL,NULL,1
CT0727,BRIDGE&ROOF-CIVIL,,AS/A927-000-CF-TN-8201/1008/FOA/3007,2020-12-31,,NULL,122,NULL,3237,Mr. ILANGO R,PROJECTS,PROJECTS,NULL,500,400,NULL,NULL,NULL,1
CT0979,EIL-BRIDGE&ROOF CIVIL-ADVANCE VENTILATION PVT LTD,,AS/A927-000-CF-TN-8201/1008/FOA/3007-ADP,2020-12-31,2021-06-30,NULL,126,NULL,3237,Mr. ILANGO R,PROJECTS,PROJECTS,NULL,24,24,NULL,NULL,NULL,1
CT0930,EIL-BRIDGE&ROOF-CIVIL-SRI DHANALAKSHMI ENTERPRISES,,AS/A927-000-CF-TN-8201/1008/FOA/3007-ESN,2020-12-31,2021-06-30,NULL,122,NULL,3237,Mr. ILANGO R,PROJECTS,PROJECTS,NULL,21,10,NULL,NULL,NULL,1
CT0983,EIL-BRIDGE AND ROOF-CIVIL-NU CALCUTTA CONSTRUCTION COPMANY,,AS/A927-000-CF-TN-8201/1008/FOA/3007-NCC,2020-12-31,2021-06-30,NULL,101,NULL,3237,Mr. ILANGO R,PROJECTS,PROJECTS,NULL,15,20,NULL,NULL,NULL,1
CT1133,EIL-BRIDGE&ROOF-CIVIL-SK RAJAUL,,AS/A927-000-CF-TN-8201/1008/FOA/3007-SKR,2020-12-31,2021-06-30,NULL,92,NULL,3035,Mr. SADAGOPAN S,PROJECTS,PROJECTS,NULL,100,100,NULL,NULL,NULL,1
CT0897,EIL-BRIDGE AND ROOF-CIVIL-SRJ LOGISTICS,,AS/A927-000-CF-TN-8201/1008/FOA/3007-SRJ,2020-12-31,2021-06-30,NULL,116,NULL,3237,Mr. ILANGO R,PROJECTS,PROJECTS,NULL,500,100,NULL,NULL,NULL,1
CT0745,EIL-TUAMAN ENGINEERING LIMITED,,AS/A927-000-CM-TN-8104/1010/FOA/3008,2021-01-31,2021-06-30,NULL,62,NULL,3237,Mr. ILANGO R,PROJECTS,PROJECTS,NULL,100,80,NULL,NULL,NULL,1
CT0782,EIL-TUAMAN-SHREE SAI ENGINEERS,,AS/A927-000-CM-TN-8104/1010/FOA/3008-SUB,2020-12-31,2021-06-30,NULL,28,NULL,3237,Mr. ILANGO R,PROJECTS,PROJECTS,NULL,19,5,NULL,NULL,NULL,1
CT1168,"EIL-BRIDGE&ROOF (OSBL)-P.K.ENGINEERING WORKS	",,AS/A927-000-PK-TN-3002/1012/FOA/3009,,2021-06-30,,undefined,,,,,PROJECTS,NULL,15,4,19,NULL,NULL,1
CT0962,EIL-ZEECO INDIA PERTOLEUM PVT LTD,,AS/A927-529-MD-TN-4100/1011/DLOA/3010,2021-01-31,2021-06-30,NULL,62,NULL,3237,Mr. ILANGO R,PROJECTS,PROJECTS,NULL,14,5,NULL,NULL,NULL,1
CT1099,EIL-ZEECO-EMCOMP ENGINEERING,,AS/A927-529-MD-TN-4100/1011/DLOA/3010-EZE,2021-01-31,2021-06-30,NULL,62,NULL,3116,Mr. ARUNA VIVEKANANDAN A,PROJECTS,PROJECTS,NULL,19,5,NULL,NULL,NULL,1
CT0973,EIL-ZEECO-SAREN HEAVY LIFT INDIA PVT LTD,,AS/A927-529-MD-TN-4100/1011/DLOA/3010-SHL,2021-01-31,2021-06-30,NULL,62,NULL,3237,Mr. ILANGO R,PROJECTS,PROJECTS,NULL,150,100,NULL,NULL,NULL,1
CT0940,EIL-BRIDGE&ROOF (OSBL)-S.RAMANATHAN ENTERPRISES,,AS/AG27-000-PK-TN-3002/1012/FOA3009/ESR,2020-12-31,2021-06-30,NULL,122,NULL,3237,Mr. ILANGO R,PROJECTS,PROJECTS,NULL,60,60,NULL,NULL,NULL,1
CT1163,G D ENTERPRISES,,ASA927-000-PK-TN-3002/1012/FOA/3009,2020-01-02,2021-06-20,,,,,,,PROJECTS,,,,,,,1
CT1162,EIL- B/R OSBL SPAC POWER ENGINEERING PVT LTD ,,B&R/ERE/71081/INSULATION WORK/FIRE PROTECTION SYSYTEM/SPAC/SLO,2020-01-01,2021-06-30,,43831,44394,,,,PROJECTS,,,,,,,1
CT0391,ADMIN-KM ENTERPRISES,,BHEL:PSSR:CPCL:ELE:PS:AOW:02,2021-02-15,,NULL,46,NULL,2645,Mr. RAMESH K,OTHERS,OTHERS,NULL,NULL,NULL,NULL,NULL,NULL,1
CT0889,ADMIN-WILLALAN BINDING,,BINDING NOM JOB,2021-04-02,,NULL,145,NULL,2824,Mr. NANDAKUMAR K,GENERAL,GENERAL,NULL,19,5,NULL,NULL,NULL,1
CT0705,DURAG INDIA INSTRUMENTION PVT LTD,,C03C160107/25120272,2024-09-17,,NULL,2557,NULL,3125,Mr. HARIDASS R,MAINTENANCE,MAINTENANCE,NULL,14,5,NULL,NULL,NULL,1
CT0031,RAJA ENGINEERING WORKS,,CC001020,2022-05-13,,NULL,730,NULL,3105,Mr. BHASKAR R,MAINTENANCE,MAINTENANCE,NULL,19,5,NULL,NULL,NULL,1
CT0397,SURYA PIPES & EQUIPMENTS,,CC001420/FOA-2,2022-05-31,,NULL,761,NULL,2526,Mr. ANANDAKUMARAN P,MAINTENANCE,MAINTENANCE,NULL,19,5,NULL,NULL,NULL,1
CT0599,VISHNU CONSTRUCTION,,CC002521,2021-04-02,2021-08-01,,undefined,4,,RAMESHBABU B,ELECTRICAL MAINTENANCE WORK,MAINTENANCE,NULL,15,4,19,NULL,NULL,1
CT0141,HARI ENGINEERING,,CC003020,2022-05-21,,NULL,730,NULL,3111,Mr. SRIRAM VISHWANATHAN,OPERATION,OPERATION,NULL,14,5,NULL,NULL,NULL,1
CT1114,SKI ENGINEERING,,CC004320,2021-07-06,,NULL,365,NULL,3069,Mr. KRISHNARAJ T,MAINTENANCE,MAINTENANCE,NULL,19,30,NULL,NULL,NULL,1
CT1122,HIMANSHU INDUSTRIES,,CC004620/FOA,2022-08-31,,NULL,730,NULL,3069,Mr. KRISHNARAJ T,MAINTENANCE,MAINTENANCE,NULL,70,45,NULL,NULL,NULL,1
CT0987,A.GANESAN & CO.,,CC004719-FOA,2021-03-31,,NULL,487,NULL,2768,Mr. THIRUMARAISELVAN S R,MAINTENANCE,MAINTENANCE,NULL,19,5,NULL,NULL,NULL,1
CT0013,LIJO ENGINEERING,,CC004720/FOA,2021-05-14,,NULL,365,NULL,2602,Mr. RAJENDRAN S,MAINTENANCE,MAINTENANCE,NULL,19,5,NULL,NULL,NULL,1
CT0057,SRI SARVAMANGALA FABRICATION,,CC004820,2021-05-14,,NULL,365,NULL,2594,Mr. MATHIAZHAGAN P,MAINTENANCE,MAINTENANCE,NULL,19,5,NULL,NULL,NULL,1
CT0494,SRI GANAPATHY ENTERPRISES,,CC004820/FOA-2,2021-05-25,,NULL,365,NULL,2594,Mr. MATHIAZHAGAN P,MAINTENANCE,MAINTENANCE,NULL,19,5,NULL,NULL,NULL,1
CT0039,BUDHAGURU SEAL,,CC004820/FOA-3,2021-06-03,,NULL,365,NULL,2235,Mr. MOHAN K,MAINTENANCE,MAINTENANCE,NULL,19,5,NULL,NULL,NULL,1
CT0039,BUDHAGURU SEAL,,CC005221,2021-04-12,2021-05-05,,undefined,1,,SANKAR D M,MAINTENANCE OF NEUTRALISATION STORAGE TANK,MAINTENANCE,NULL,15,4,19,NULL,NULL,1
CT0660,STERLING AND WILSON PVT LIMITED,,CC006618-FOA,2020-12-31,,NULL,731,NULL,3125,Mr. HARIDASS R,MAINTENANCE,MAINTENANCE,NULL,125,5,NULL,NULL,NULL,1
CT0990,DEVI FABRICATIONS AND ENGINEERING CONTRACTORS,,CC008119,2021-09-19,,NULL,731,NULL,3125,Mr. HARIDASS R,MAINTENANCE,MAINTENANCE,NULL,60,NULL,NULL,NULL,NULL,1
CT1145,SOUTHERM ENGINEERS & CORROSION CONTROLS,,CC011719,2020-12-09,,NULL,30,NULL,4139,Mr. KAMARAJ S,MAINTENANCE,MAINTENANCE,NULL,15,4,NULL,NULL,NULL,1
CT1095,S PRINCE HIGHTECH PRIVATE LIMITED,,CC011719/FOA-1,2021-11-10,,NULL,365,NULL,4139,Mr. KAMARAJ S,MAINTENANCE,MAINTENANCE,NULL,19,4,NULL,NULL,NULL,1
CT0941,ANISH INFRASTRUCTURE(COIMBATORE)PVT LTD,13218981,CC012219,2019-11-14,2021-11-12,19811503,2,24,3069,PREMCHANDMr. KRISHNARAJ T,MAINTENANCE,MAINT-OFFSITE(CIVIL)MAINTENANCE,NULL,14,5,NULL,NULL,NULL,1
CT0346,VENDIGGE ENGINEERING PROJECTS PRIVATE LIMITED,,CC012219 VEN,2021-11-13,,NULL,731,NULL,3069,Mr. KRISHNARAJ T,MAINTENANCE,MAINTENANCE,NULL,55,45,NULL,NULL,NULL,1
CT1146,ADMIN-SRI KAUVERY MEDICAL CARE (INDIA) LTD.,,CC012420,2020-12-10,,NULL,30,NULL,4030,DR. VIJAY ANAND R,GENERAL,GENERAL,NULL,15,4,NULL,NULL,NULL,1
CT0029,SNEHAM ENTERPRISES,,CC012718-FOA-1,2021-01-28,,NULL,731,NULL,NULL,Mr. PALANIVEL M,MAINTENANCE,MAINTENANCE,NULL,NULL,NULL,NULL,NULL,NULL,1
CT0463,INTERTEK INDIA PVT LTD,,CC013118,2020-12-20,,NULL,733,NULL,2768,Mr. THIRUMARAISELVAN S R,OPERATION,OPERATION,NULL,19,5,NULL,NULL,NULL,1
CT1149,NEUBERG EHRLICH LABORATORY PVT LTD,,CC013420,2020-12-16,,NULL,30,NULL,3652,Dr. SYED IBRAHIM A R,GENERAL,GENERAL,NULL,15,4,NULL,NULL,NULL,1
CT1052,K.P.K ENTERPRISES,,CC013719,2021-09-03,,NULL,731,NULL,2909,Mr. KSHIR SAGAR RM,GENERAL,GENERAL,NULL,14,5,NULL,NULL,NULL,1
CT1159,GREEN HOURS ,,CC015320/FOA,2020-09-28,,,44102,45197,,,,MAINTENANCE,,,,,,,1
CT0517,abcd,,CC016518,2021-11-17,2021-04-13,,2,,,,GENERAL,GENERAL,NULL,15,4,,NULL,NULL,1
CT0931,ADMIN-PRR TRAVELS,,CC016518-FOA,2021-11-30,,NULL,1096,NULL,NULL,Mr. RAMESH K,GENERAL,GENERAL,NULL,19,NULL,NULL,NULL,NULL,1
CT0149,TECHSOL ENGINEERING SERVICES INDIA (P) LTD,,CC017918,2021-04-22,,NULL,731,NULL,3152,Mr. ELANCHELIAN A,MAINTENANCE,MAINTENANCE,NULL,19,5,NULL,NULL,NULL,1
CT1185,M S ENTERPRISES,,CC0183.20,2021-03-15,2024-03-14,,3,36,,undefined,ONLINE LEAK SEALING,MAINTANANCE,NULL,15,4,19,NULL,NULL,1
CT0633,T&C ENGINEERS PVT LTD,,CC018618,2021-03-12,,NULL,731,NULL,3125,Mr. HARIDASS R,MAINTENANCE,MAINTENANCE,NULL,46,NULL,NULL,NULL,NULL,1
CT0636,RICE LAKE WEIGHING SYSTEMS INDIA LIMITED,,CC021119/FOA,2021-05-27,,NULL,365,NULL,3069,Mr. KRISHNARAJ T,MAINTENANCE,MAINTENANCE,NULL,45,5,NULL,NULL,NULL,1
CT1054,PERAMAWELD PRIVATE LIMITED,,CC022418,2021-08-19,,NULL,730,NULL,3817,Mr. KISHOR BABU T,OPERATION,OPERATION,NULL,19,5,NULL,NULL,NULL,1
CT0057,SRI SARVAMANGALA FABRICATION,,CC024119/FOA,2020-12-14,,NULL,183,NULL,4139,Mr. KAMARAJ S,MAINTENANCE,MAINTENANCE,NULL,19,5,NULL,NULL,NULL,1
CT1175,"GLOBAL ENVIRO SYSTEM	",,CHE/057002190036/TVS/SS/SR,2021-04-19,2021-06-30,,undefined,2,,MANOVA JEEVADOS D,,PROJECT,NULL,15,4,19,NULL,NULL,1
CT0572,MKTG-MANALI INDUSTRIES ASSOCIATION,,CPCL APPROVAL 1,2021-02-23,,NULL,94,NULL,IOCL1,Ms. CHITRA BALAKRISHNAN,OTHERS,OTHERS,NULL,NULL,NULL,NULL,NULL,NULL,1
CT1130,STERLING AND WILSON PVT LIMITED- RMS COOLING EQUIPERS,,CPCL/GR-C/S&W/001,2021-01-17,,NULL,122,NULL,3125,Mr. HARIDASS R,MAINTENANCE,MAINTENANCE,NULL,19,4,NULL,NULL,NULL,1
CT1064,EIL-THERMAL SYSTEMS - CARBORUNDAM- PACIFIC REFRACTORIES LTD.,,CSRPO/001187/19,2020-12-31,2021-06-30,NULL,23,NULL,3237,Mr. ILANGO R,PROJECTS,PROJECTS,NULL,5,19,NULL,NULL,NULL,1
CT0550,IOCL-DIVYA DHARSHINI TRANSPORT,,DIVYA DHARSHINI,2021-04-29,,NULL,119,NULL,IOCL1,Ms. CHITRA BALAKRISHNAN,OTHERS,OTHERS,NULL,55,55,NULL,NULL,NULL,1
CT1144,EXCEL ENVIRONMENTAL TECHNOLOGIES-J.DHAKSHANI ENTERPRISES,,EETPL-001/2020-21,2021-12-27,,NULL,418,NULL,12345,Mr. BALAKRISHNAN L,MAINTENANCE,MAINTENANCE,NULL,15,4,NULL,NULL,NULL,1
CT1108,EIL-LAKSHMI TRAVELS,,EIL-A927/541/2020-01,2020-12-31,2021-06-30,NULL,59,NULL,3237,Mr. ILANGO R,PROJECTS,PROJECTS,NULL,14,5,NULL,NULL,NULL,1
CT0933,S P CONTROLS,,EPCC/CPCL/RLNG/209/LOA,2021-03-29,2021-08-28,,undefined,5,,,INSTRUMENTATION WORK,INSTRUMENTATION,NULL,15,4,19,NULL,NULL,1
CT0473,IOCL-K GAJJALAIAH & CO,,GAJALLIAH,2021-06-30,,NULL,181,NULL,IOCL1,Ms. CHITRA BALAKRISHNAN,OTHERS,OTHERS,NULL,50,150,NULL,NULL,NULL,1
CT1117,GULF ENGINEERING-V G ENTERPRISES,,GECPL/CPCL/24016,2021-12-21,,NULL,478,NULL,2432,Mr. RAJA M,MAINTENANCE,MAINTENANCE,NULL,1,NULL,NULL,NULL,NULL,1
CT0433,ADMIN-S K ENGINEERING,,HRD:06:007,2021-04-30,,NULL,120,NULL,3187,SUBRAMANI S,MAINTENANCE,MAINTENANCE,NULL,NULL,NULL,NULL,NULL,NULL,1
CT0765,IOCL-INTERTEK INDIA PVT LTD,,IIT-24653344,2020-12-31,,NULL,30,NULL,IOCL1,Ms. CHITRA BALAKRISHNAN,OTHERS,OTHERS,NULL,14,5,NULL,NULL,NULL,1
CT0081,IOCL-J.M.C. CONSTRUCTION PVT. LTD.,,IOC JMC TRANS,2020-12-31,,NULL,178,NULL,IOCL1,Ms. CHITRA BALAKRISHNAN,OTHERS,OTHERS,NULL,50,50,NULL,NULL,NULL,1
CT0396,IOCL-SRI PACHIAMMAN TRANSPORT,,IOC PACHAIAMMAN,2021-04-20,,NULL,160,NULL,IOCL1,Ms. CHITRA BALAKRISHNAN,OTHERS,OTHERS,NULL,100,NULL,NULL,NULL,NULL,1
CT0693,IOCL- DILIP BUILCON LTD,,IOCL/282830,2021-02-08,,NULL,91,NULL,12345,Mr. BALAKRISHNAN L,OTHERS,OTHERS,NULL,19,5,NULL,NULL,NULL,1
CT1119,IOCL-MANUEL CORREYA ENGINEERING,,IOCL-MANUEL,2021-03-05,,NULL,21,NULL,IOCL1,Ms. CHITRA BALAKRISHNAN,OTHERS,OTHERS,NULL,7,NULL,NULL,NULL,NULL,1
CT1056,IOCL-S.S.INDUSTRIES,,IOCL-SS,2020-12-04,,NULL,157,NULL,IOCL1,Ms. CHITRA BALAKRISHNAN,OTHERS,OTHERS,NULL,19,NULL,NULL,NULL,NULL,1
CT0478,IOCL-MADHAVI TRANSPORT CONTRACTORS,,IOCMADHAVI,2021-04-29,,NULL,145,NULL,IOCL1,Ms. CHITRA BALAKRISHNAN,OTHERS,OTHERS,NULL,100,NULL,NULL,NULL,NULL,1
CT0538,IOCL-MAHATHA PETROLEUM PRIVATE LIMITED,,IOCMAHATHA,2020-12-31,,NULL,120,NULL,IOCL1,Ms. CHITRA BALAKRISHNAN,OTHERS,OTHERS,NULL,NULL,NULL,NULL,NULL,NULL,1
CT0524,IOCL-SRI MALARKODI TRANSPORTS,,IOCMALARKODI,2021-02-28,,NULL,8,NULL,IOCL1,Ms. CHITRA BALAKRISHNAN,OTHERS,OTHERS,NULL,100,50,NULL,NULL,NULL,1
CT0487,IOCL-PREMIER ASPHALT TRANSPORT,,IOCPREMIER,2021-06-30,,NULL,181,NULL,IOCL1,Ms. CHITRA BALAKRISHNAN,OTHERS,OTHERS,NULL,NULL,NULL,NULL,NULL,NULL,1
CT0522,IOCL-SRI PRIYANKA TRANSPORT,,IOCPRIYANKA,2020-12-31,,NULL,105,NULL,IOCL1,Ms. CHITRA BALAKRISHNAN,OTHERS,OTHERS,NULL,40,NULL,NULL,NULL,NULL,1
CT0519,IOCL-RAJ PETRO SPECIALITIES P LTD,,IOCRAJ,2021-05-04,,NULL,93,NULL,IOCL1,Ms. CHITRA BALAKRISHNAN,OTHERS,OTHERS,NULL,100,NULL,NULL,NULL,NULL,1
CT0488,IOCL-RKTC LOGISTICS PVT LTD,,IOCRKTC,2021-03-07,,NULL,90,NULL,IOCL1,Ms. CHITRA BALAKRISHNAN,OTHERS,OTHERS,NULL,30,10,NULL,NULL,NULL,1
CT0504,IOCL-SREE SELVALAKSHMI TRANSPORT,,IOCSELVALAKSHMI,2020-12-31,,NULL,123,NULL,IOCL1,Ms. CHITRA BALAKRISHNAN,OTHERS,OTHERS,NULL,100,NULL,NULL,NULL,NULL,1
CT0564,IOCL-SRI VARI TRANSPORT,,IOCSRIVARI,2021-05-30,,NULL,114,NULL,IOCL1,Ms. CHITRA BALAKRISHNAN,OTHERS,OTHERS,NULL,NULL,NULL,NULL,NULL,NULL,1
CT0568,IOCL-SRI VENKATESWARA TRANSPORTS,,IOC-VENKATESHWARA,2020-12-05,,NULL,181,NULL,IOCL1,Ms. CHITRA BALAKRISHNAN,OTHERS,OTHERS,NULL,14,36,NULL,NULL,NULL,1
CT0745,EIL-TUAMAN ENGINEERING LIMITED,,JP/A927-000-PK-TN-3003/1015/FOA/3011,2021-04-01,2021-06-30,NULL,123,3,3237,HARIDASSMr. ILANGO R,PROJECTS,PROJECTSPROJECTS,NULL,500,355,NULL,NULL,NULL,1
CT1076,EIL-TUAMAN- SRI LAKHSMI CONSTRUCTION COMPANY,,JP/A927-000-PK-TN-3003/1015/FOA/3011-ETC,2020-12-31,2021-06-30,NULL,32,NULL,3133,Mr. ARUMUGAM N,PROJECTS,PROJECTS,NULL,14,5,NULL,NULL,NULL,1
CT0834,EIL-TUAMAN-SAI ENGINEERING,,JP/A927-000-PK-TN-3003/1015/FOA/3011-ETG,2021-01-31,2021-06-30,NULL,94,NULL,3237,Mr. ILANGO R,PROJECTS,PROJECTS,NULL,14,5,NULL,NULL,NULL,1
CT0873,EIL-TUAMAN -J.S.ENTERPRISES,,JP/A927-000-PK-TN-3003/1015/FOA/3011-ETJ,2021-01-31,2021-06-30,NULL,92,NULL,3237,Mr. ILANGO R,PROJECTS,PROJECTS,NULL,19,5,NULL,NULL,NULL,1
CT0877,EIL-TUAMAN-SRI GURU ENTERPRISES,,JP/A927-000-PK-TN-3003/1015/FOA/3011-TST,2021-01-31,2021-06-30,NULL,101,NULL,3237,Mr. ILANGO R,PROJECTS,PROJECTS,NULL,19,5,NULL,NULL,NULL,1
CT0942,EIL-ORIENTAL EPC PVT. LTD.,,JP/A927-400-PC-TN-8720/1016/FOA/3013-EOE,2021-03-01,2021-06-30,NULL,122,4,3237,HARIDASSMr. ILANGO R,PROJECTS,PROJECTSPROJECTS,NULL,19,5,NULL,NULL,NULL,1
CT1190,"TPL-MARKETING	",,MARKETING,2021-04-21,2021-07-20,,undefined,3,,B BALAKRISHNA KUMAR,TPL,MARKETING,NULL,15,4,19,NULL,NULL,1
CT0552,ADMIN-MRL INDUSTRIAL COOP,,MRLICOOP,2021-11-30,,NULL,275,NULL,2305,Mr. RAMESH S,OTHERS,OTHERS,NULL,19,NULL,NULL,NULL,NULL,1
CT1001,EIL-MX SYSTEMS INTERNATIONAL PVT LTD-SHRI SAI ENTERPRISES,,MXS/CPCL-MANALI/SKA/90019094,2021-01-31,2021-06-30,NULL,153,NULL,3116,Mr. ARUNA VIVEKANANDAN A,PROJECTS,PROJECTS,NULL,NULL,NULL,NULL,NULL,NULL,1
CT0530,ADMIN-G.JAYABALAN,,NOMINATION,2021-02-01,,NULL,32,NULL,2446,Mr. BASKARAN R,OTHERS,OTHERS,NULL,NULL,NULL,NULL,NULL,NULL,1
CT0503,ADMIN-ELUMALAI ELECTRICALS,,NOMINATION PO,2020-12-31,,NULL,92,NULL,2645,Mr. RAMESH K,OTHERS,OTHERS,NULL,NULL,NULL,NULL,NULL,NULL,1
CT0543,ADMIN-SAI KIRAN ARTS,,NOMINATION WORK,2021-02-18,,NULL,49,NULL,2645,Mr. RAMESH K,OTHERS,OTHERS,NULL,14,5,NULL,NULL,NULL,1
CT1153,EIL-ORIENTAL EPC-APRA INFRA PROJECTS,,OEPC/WO/19-20/C314/M/6013,2020-12-31,2021-06-30,NULL,30,NULL,3116,Mr. ARUNA VIVEKANANDAN A,PROJECTS,PROJECTS,NULL,15,4,NULL,NULL,NULL,1
CT1092,EIL-EMERSON PROCESS-SRI JAISHANTH AUTOMATION & ENGINEERING SOLUTIONS,,OW 84144082,2021-01-31,2021-06-30,NULL,55,NULL,3673,Mr. VIKAS CHOUKSE,PROJECTS,PROJECTS,NULL,14,5,NULL,NULL,NULL,1
CT1136,EIL-EMCOP ENGINEERING & ASSOCIATES,,RCM/A133-000-ST-TN-8061/8061,2021-01-23,2021-06-30,NULL,92,NULL,3237,Mr. ILANGO R,PROJECTS,PROJECTS,NULL,15,5,NULL,NULL,NULL,1
CT0928,EIL-P S CONSTRUCTION PVT LTD,,RCM/A927-000-000-DS-TN-8307/0012,2021-01-31,2021-06-30,NULL,92,NULL,3237,Mr. ILANGO R,PROJECTS,PROJECTS,NULL,110,90,NULL,NULL,NULL,1
CT0577,EIL-SRI ATCHAYA ENGINEERING P LTD,,RCM/A927-000-19-42-DS-TN/8313/012,2021-04-23,2021-06-30,NULL,123,3,3237,P JEEVANKUMARMr. ILANGO R,PROJECTS,PROJECTSPROJECTS,NULL,200,150,NULL,NULL,NULL,1
CT0032,EIL-BANU CONSTRUCTIONS,,RCM/A927-000-19-42-DS-TN-8312/0019,2021-01-31,2021-06-30,NULL,54,NULL,3237,Mr. ILANGO R,PROJECTS,PROJECTS,NULL,150,100,NULL,NULL,NULL,1
CT0928,EIL-P S CONSTRUCTION PVT LTD,,RCM/A927-000-19-42-DS-TN-8324/8329,2021-01-31,2021-06-30,NULL,123,NULL,3125,Mr. HARIDASS R,PROJECTS,PROJECTS,NULL,40,60,NULL,NULL,NULL,1
CT1123,EIL-ATLAS COPCO INDIA LTD-A.F ENTERPRISES,,RCM/A927-000-19-42-DS-TN-8328-AAF,2020-12-31,2021-06-30,NULL,24,NULL,3035,Mr. SADAGOPAN S,PROJECTS,PROJECTS,NULL,19,4,NULL,NULL,NULL,1
CT1139,EIL-SHILPI ENGINEERING PVT. LTD.,,RCM/A927-000-19-42-DS-TN-8330/8332,2020-09-24,2021-06-30,NULL,0.9,10,3237,Mr. ILANGO RMr. ILANGO R,PROJECTS,PROJECTSPROJECTS,NULL,100,80,NULL,NULL,NULL,1
CT1116,EIL-AEMS ENGINEERING WORKS PVT LTD,,RCM/A927-000-19-42-DS-TN-8331/8330-AEW,2021-01-31,2021-06-30,NULL,43,NULL,3035,Mr. SADAGOPAN S,PROJECTS,PROJECTS,NULL,75,50,NULL,NULL,NULL,1
CT1101,EIL-SHAJI KURIACHAN SECURITY AGENCY,,RCM/A927-000-541-DS-TN-8323/025-SKS,2021-01-31,2021-06-30,NULL,153,NULL,3237,Mr. ILANGO R,PROJECTS,PROJECTS,NULL,19,NULL,NULL,NULL,NULL,1
CT1136,EIL-EMCOP ENGINEERING & ASSOCIATES,,RCM/A927-000-541-ST-TN-8332/8333,2021-01-31,2021-06-30,NULL,116,NULL,3237,Mr. ILANGO R,PROJECTS,PROJECTS,NULL,19,5,NULL,NULL,NULL,1
CT0057,SRI SARVAMANGALA FABRICATION,,RCM/A927-000-541-ST-TN-8336,2021-04-02,2022-04-02,,undefined,12,,PURUSHOTAMAN,,PROJECT,NULL,15,4,19,NULL,NULL,1
CT0032,EIL-BANU CONSTRUCTIONS,,RCM/A927-000-DS-TN-8308/0013,2020-12-31,2021-06-30,NULL,92,NULL,3237,Mr. ILANGO R,PROJECTS,PROJECTS,NULL,19,4,NULL,NULL,NULL,1
CT1003,EIL-MOSS ENGINEERING PRIVATE LIMITED,,RCM/A927-000-DS-TN-8311/011-EMO,2021-04-30,2021-06-30,NULL,177,3,3237,S SADAGOPAN/JEEVANKUMARMr. ILANGO R,PROJECTS,PROJECTSPROJECTS,NULL,14,5,NULL,NULL,NULL,1
CT0581,EIL-SANDHYA ENTERPRISES,,RCM/A927-000-DS-TN-8314/020,2020-12-30,2021-06-30,NULL,61,NULL,3237,Mr. ILANGO R,PROJECTS,PROJECTS,NULL,50,45,NULL,NULL,NULL,1
CT1080,EIL-CENTURY INDUSTRIES,,RCM/A927-000-DS-TN-8318/23,2020-12-31,2021-06-30,NULL,122,NULL,3237,Mr. ILANGO R,PROJECTS,PROJECTS,NULL,14,5,NULL,NULL,NULL,1
CT0704,EIL-SRI LAKSHMI CONSTRUCTION COMPANY,,RCM/A927-000DS-TN-8321/2032,2021-01-31,2021-06-30,NULL,62,NULL,2743,Mr. MURALIRAJA K,PROJECTS,PROJECTS,NULL,19,5,NULL,NULL,NULL,1
CT0493,IOCL-INSPECTORATE GRIFFITH INDIA P LTD,,SH/2016-17/LT-02/WO-2A,2021-12-31,,NULL,364,NULL,IOCL1,Ms. CHITRA BALAKRISHNAN,OTHERS,OTHERS,NULL,NULL,NULL,NULL,NULL,NULL,1
CT0937,IOCL-PATRIC JOHN SECURITY AGENCY,,SRCC/LT/144/TNS0/2018-19,2021-01-31,,NULL,92,NULL,IOCL1,Ms. CHITRA BALAKRISHNAN,OTHERS,OTHERS,NULL,19,NULL,NULL,NULL,NULL,1
CT0495,IOCL-G S VISWANATHAN,,SRCC/PT/004/TNSO/2019-20,2021-03-14,,NULL,73,NULL,IOCL1,Ms. CHITRA BALAKRISHNAN,OTHERS,OTHERS,NULL,10,NULL,NULL,NULL,NULL,1
CT0536,IOCL-SRI BALAJI TRANSPORT-AP,,SRI BALAJI AP,2021-02-02,,NULL,85,NULL,IOCL1,Ms. CHITRA BALAKRISHNAN,OTHERS,OTHERS,NULL,50,50,NULL,NULL,NULL,1
CT0555,ADMIN-SRI LAKSHMI AMMAN TEMPLE,,SRIAMMAN,2021-02-13,,NULL,44,NULL,3075,Mr. DHARMARAJ A,OTHERS,OTHERS,NULL,NULL,NULL,NULL,NULL,NULL,1
CT0467,IOCL-S S TRANSPORT,,SST TRANS,2021-04-24,,NULL,114,NULL,IOCL1,Ms. CHITRA BALAKRISHNAN,OTHERS,OTHERS,NULL,100,NULL,NULL,NULL,NULL,1
CT0446,IOCL-MARINE CONSULTANTS AND SURVEYORS PVT LTD,,TNSO/OPS/MARINE SURVEY/PT-06,2021-04-30,,NULL,180,NULL,IOCL1,Ms. CHITRA BALAKRISHNAN,OTHERS,OTHERS,NULL,150,NULL,NULL,NULL,NULL,1
CT1157,VASU CHEMICAL LTD CHEMTECH SYSYTEMS AND CHEMICALS ,,VC/HO/4255/2019-20,2020-12-15,,,44180,44331,,,,PROJECTS,,,,,,,1
CT0505,IOCL-VINORA INDUSTRIES,,VINORA,2021-03-31,,NULL,90,NULL,IOCL1,Ms. CHITRA BALAKRISHNAN,OTHERS,OTHERS,NULL,100,NULL,NULL,NULL,NULL,1
CT0539,IOCL-JPL PRODUCTS LTD,,ZC5813,2021-03-31,,NULL,90,NULL,IOCL1,Ms. CHITRA BALAKRISHNAN,OTHERS,OTHERS,NULL,19,NULL,NULL,NULL,NULL,1
CT0844,SUMIT ENGINEERING WORKS,11926887,26725362,2020-12-22,2021-12-21,8543224.35,1,12,,M BALAJI,MAINT-ONSITE,MAINT-ONSITE,,,,,,,1
CT0510,THERMO FISHER SCIENTIFIC,10252322,26443965,2020-08-16,2025-08-15,11283363,5,60,,A ELANCHELIAN,MAINT-(INSTRUMENTS),MAINT-(INSTRUMENTS),,,,,,,1
CT0774,ADMIN-SUN CABS,10268772,26419270,2020-05-11,2023-05-10,9865598.08,3,36,,RAMESH,ADMIN,ADMIN,,,,,,,1
CT0454,TRICKY FIRE CONTROLS,10274869,26701908,2020-12-09,2021-06-06,797400,,6,,S KARTHIKEYAN,MAINT-(INSTRUMENTS),MAINT-(INSTRUMENTS),,,,,,,1
CT0041,A.G. CONSTRUCTION,11923068,26803946,2021-02-04,2021-10-01,11271800,,8,,K KAMARAJ,PROJECT-III(CIVIL),PROJECT-III(CIVIL),,,,,,,1
CT1136,EIL-EMCOP ENGINEERING & ASSOCIATES,,RCM/A927-000-541-ST-TN-8332/8333/AN-01,2020-10-10,2021-06-30,,1.5,18,,,PROJECTS-(BS-VI),PROJECTS-(BS-VI),,,,,,,1
CT0844,SUMIT ENGINEERING WORKS,,26840052,2021-02-22,2021-08-21,1676514.36,,6,,K MOHAN,MAINT-(FIELD-II/REF-III),MAINT-(FIELD-II/REF-III),,,,,,,1
CT0921,J.S ENTERPRISE,13216365,26757782,2021-01-09,2022-01-08,1554148,1,12,,SIRAJUDDIN,PROJECTS-II_(MECH),PROJECTS-II_(MECH),,,,,,,1
CT1100,ADMIN-SUN LIGHT TRAVELS,13216564,26793728,2021-01-30,2025-01-28,2880036.15,4,48,,RAMESH,ADMIN,ADMIN,,,,,,,1
CT0397,SURYA PIPES & EQUIPMENTS,10291667,26576087,2020-09-19,2021-08-18,379555.54,1,12,,JEYAKUMAR/ SRIDHAR,MAINT-(OFFSITE & I),MAINT-(OFFSITE & I),,,,,,,1
CT0845,ATHENA ENGINEERS,11947083,26659423,2020-11-10,2021-11-09,416820,3,36,,SUMER SINGH MEENA,MAINT-(MECH),MAINT-(MECH),,,,,,,1
CT0697,S.MAHADEVAN CONTRACTOR,11030961,26753062,2021-01-06,2021-12-22,2700000,1,12,,P KANNAPAN,MAINT-CIVIL,MAINT-CIVIL,,,,,,,1
CT0921,J.S ENTERPRISE,13216365,26757782,2021-09-01,2022-01-08,,1,12,,PURUSHOTHAM,PROJECTS-(MECH/M & C),PROJECTS-(MECH/M & C),,,,,,,1
CT0952,MCOG ENGINEERING & FABRICATION PVT LTD,,26293515,2021-03-22,2021-06-22,,,3,,P MATHIAZHAGAN,"MAINT-(FIELD-II/REF- I ,II/LEB&DHDS)","MAINT-(FIELD-II/REF- I ,II/LEB&DHDS)",,,,,,,1
CT0060,FRANKLIN IME TECHS PVT. LTD.,11920950,26563201,2020-09-11,2022-09-10,1771090,2,24,,J KARTHIKEYAN,OTHERS-IT & S,OTHERS-IT & S,,,,,,,1
CT0977,S L ENGINEERING (SLG CHENNAI),13216139,26204132,2019-11-26,2021-11-24,2689650,2,24,,MARI RAJAN,MAINT-(GARAGE/TOOL ROOM),MAINT-(GARAGE/TOOL ROOM),,,,,,,1
CT1160,ARUNTECH INDUSTRICAL SERVICES PRIVATE LIMITED ,,CC016420/FOA 1,2020-12-28,2021-12-27,1364767.5,1,12,,V VIVEK RAJ,OTHERS-(INSPECTION),OTHERS-(INSPECTION),,,,,,,1
CT0122,EMMAI ENGINEERING WORKS,,CPCL/PMC/T-042/2020-21/LOA,2021-05-10,2022-05-09,1183865.4,1,12,,M VIJAYARAJ,PROJECTS-(R & D),PROJECTS-(R & D),,,,,,,1
CT0921,J.S ENTERPRISE,13216365,26983992,2021-05-08,2022-05-07,1673415,1,12,,G GNANA PRAKSH,PROJECTS-CIVIL,PROJECTS-CIVIL,,,,,,,1
CT0494,SRI GANAPATHY ENTERPRISES,11947528,26984499,2021-05-08,2022-05-07,1171054.98,1,12,,GOWTHAM,PROJECTS-INSTRUMENTS,PROJECTS-INSTRUMENTS,,,,,,,1
CT1182,ETA ENGINEERING PVT LTD,10268540,26960074,2021-04-21,2021-06-19,3037670.16,,2,,RAMESH BABU,MAINT-ELECTRICAL,MAINT-ELECTRICAL,,,,,,,1
CT1118,JN MACHINERIES PRIVATE LIMITED,11941474,26875545,2021-03-12,2024-03-10,3723065.04,3,36,,R MARIRAJAN,MAINT-(GARAGE/TOOL ROOM),MAINT-(GARAGE/TOOL ROOM),,,,,,,1
CT0163,SRI ATCHAYA ENGINEERING PVT. LTD.,11961567,26948310,2021-04-15,2024-04-13,190067998,3,36,,T KRISHNARAJ,MAINT-OFFSITE,MAINT-OFFSITE,,,,,,,1
CT0910,EIL-SRI GURU TRAVELS,,A927/19/40/CPCL/C0301/3936,2021-02-01,2021-06-30,,1,12,,C DURAIYARASAN,PROJECTS,PROJECTS,,,,,,,1
